direction,rule_class,condition,reference,quantity,stratum,epsilon,grid,value,censor_flag
single_vs_no_rules,legal_set,only_legal_set,no_rules,delta_success_rate,low,0.02,primary,0.01775,
single_vs_no_rules,order,only_order,no_rules,delta_success_rate,low,0.02,primary,0.0,
single_vs_no_rules,consistency,only_consistency,no_rules,delta_success_rate,low,0.02,primary,0.271,
single_vs_no_rules,coordinate,only_coordinate,no_rules,delta_success_rate,low,0.02,primary,0.0,
loo_vs_full,legal_set,loo_no_legal_set,full,delta_success_rate,low,0.02,primary,-0.07625,
loo_vs_full,order,loo_no_order,full,delta_success_rate,low,0.02,primary,0.0,
loo_vs_full,consistency,loo_no_consistency,full,delta_success_rate,low,0.02,primary,-0.3295,
loo_vs_full,coordinate,loo_no_coordinate,full,delta_success_rate,low,0.02,primary,0.0,
full_vs_no_rules(supp),all,full,no_rules,delta_success_rate,low,0.02,primary,0.34725,
single_vs_no_rules,legal_set,only_legal_set,no_rules,delta_fail_pos_mean,low,0.02,primary,0.006438,
single_vs_no_rules,legal_set,only_legal_set,no_rules,delta_fail_pos_median,low,0.02,primary,0.0,
single_vs_no_rules,order,only_order,no_rules,delta_fail_pos_mean,low,0.02,primary,0.0,
single_vs_no_rules,order,only_order,no_rules,delta_fail_pos_median,low,0.02,primary,0.0,
single_vs_no_rules,consistency,only_consistency,no_rules,delta_fail_pos_mean,low,0.02,primary,0.233671,
single_vs_no_rules,consistency,only_consistency,no_rules,delta_fail_pos_median,low,0.02,primary,0.4375,
single_vs_no_rules,coordinate,only_coordinate,no_rules,delta_fail_pos_mean,low,0.02,primary,0.0,
single_vs_no_rules,coordinate,only_coordinate,no_rules,delta_fail_pos_median,low,0.02,primary,0.0,
loo_vs_full,legal_set,loo_no_legal_set,full,delta_fail_pos_mean,low,0.02,primary,-0.221724,
loo_vs_full,legal_set,loo_no_legal_set,full,delta_fail_pos_median,low,0.02,primary,-0.0625,
loo_vs_full,order,loo_no_order,full,delta_fail_pos_mean,low,0.02,primary,0.0,
loo_vs_full,order,loo_no_order,full,delta_fail_pos_median,low,0.02,primary,0.0,
loo_vs_full,consistency,loo_no_consistency,full,delta_fail_pos_mean,low,0.02,primary,-0.448957,
loo_vs_full,consistency,loo_no_consistency,full,delta_fail_pos_median,low,0.02,primary,-0.5,
loo_vs_full,coordinate,loo_no_coordinate,full,delta_fail_pos_mean,low,0.02,primary,0.0,
loo_vs_full,coordinate,loo_no_coordinate,full,delta_fail_pos_median,low,0.02,primary,0.0,
full_vs_no_rules(supp),all,full,no_rules,delta_fail_pos_mean,low,0.02,primary,0.455395,
full_vs_no_rules(supp),all,full,no_rules,delta_fail_pos_median,low,0.02,primary,0.5,
single_vs_no_rules,legal_set,only_legal_set,no_rules,delta_success_rate,medium,0.02,primary,0.0145,
single_vs_no_rules,order,only_order,no_rules,delta_success_rate,medium,0.02,primary,0.0,
single_vs_no_rules,consistency,only_consistency,no_rules,delta_success_rate,medium,0.02,primary,0.33925,
single_vs_no_rules,coordinate,only_coordinate,no_rules,delta_success_rate,medium,0.02,primary,0.0,
loo_vs_full,legal_set,loo_no_legal_set,full,delta_success_rate,medium,0.02,primary,-0.0945,
loo_vs_full,order,loo_no_order,full,delta_success_rate,medium,0.02,primary,0.0,
loo_vs_full,consistency,loo_no_consistency,full,delta_success_rate,medium,0.02,primary,-0.41925,
loo_vs_full,coordinate,loo_no_coordinate,full,delta_success_rate,medium,0.02,primary,0.0,
full_vs_no_rules(supp),all,full,no_rules,delta_success_rate,medium,0.02,primary,0.43375,
single_vs_no_rules,legal_set,only_legal_set,no_rules,delta_fail_pos_mean,medium,0.02,primary,0.00421,
single_vs_no_rules,legal_set,only_legal_set,no_rules,delta_fail_pos_median,medium,0.02,primary,0.005555,
single_vs_no_rules,order,only_order,no_rules,delta_fail_pos_mean,medium,0.02,primary,0.0,
single_vs_no_rules,order,only_order,no_rules,delta_fail_pos_median,medium,0.02,primary,0.0,
single_vs_no_rules,consistency,only_consistency,no_rules,delta_fail_pos_mean,medium,0.02,primary,0.293923,
single_vs_no_rules,consistency,only_consistency,no_rules,delta_fail_pos_median,medium,0.02,primary,0.533333,
single_vs_no_rules,coordinate,only_coordinate,no_rules,delta_fail_pos_mean,medium,0.02,primary,0.0,
single_vs_no_rules,coordinate,only_coordinate,no_rules,delta_fail_pos_median,medium,0.02,primary,0.0,
loo_vs_full,legal_set,loo_no_legal_set,full,delta_fail_pos_mean,medium,0.02,primary,-0.203001,
loo_vs_full,legal_set,loo_no_legal_set,full,delta_fail_pos_median,medium,0.02,primary,0.0,
loo_vs_full,order,loo_no_order,full,delta_fail_pos_mean,medium,0.02,primary,0.0,
loo_vs_full,order,loo_no_order,full,delta_fail_pos_median,medium,0.02,primary,0.0,
loo_vs_full,consistency,loo_no_consistency,full,delta_fail_pos_mean,medium,0.02,primary,-0.492714,
loo_vs_full,consistency,loo_no_consistency,full,delta_fail_pos_median,medium,0.02,primary,-0.527778,
loo_vs_full,coordinate,loo_no_coordinate,full,delta_fail_pos_mean,medium,0.02,primary,0.0,
loo_vs_full,coordinate,loo_no_coordinate,full,delta_fail_pos_median,medium,0.02,primary,0.0,
full_vs_no_rules(supp),all,full,no_rules,delta_fail_pos_mean,medium,0.02,primary,0.496924,
full_vs_no_rules(supp),all,full,no_rules,delta_fail_pos_median,medium,0.02,primary,0.533333,
single_vs_no_rules,legal_set,only_legal_set,no_rules,delta_success_rate,high,0.02,primary,0.01525,
single_vs_no_rules,order,only_order,no_rules,delta_success_rate,high,0.02,primary,0.0,
single_vs_no_rules,consistency,only_consistency,no_rules,delta_success_rate,high,0.02,primary,0.42075,
single_vs_no_rules,coordinate,only_coordinate,no_rules,delta_success_rate,high,0.02,primary,0.0,
loo_vs_full,legal_set,loo_no_legal_set,full,delta_success_rate,high,0.02,primary,-0.15175,
loo_vs_full,order,loo_no_order,full,delta_success_rate,high,0.02,primary,0.0,
loo_vs_full,consistency,loo_no_consistency,full,delta_success_rate,high,0.02,primary,-0.55725,
loo_vs_full,coordinate,loo_no_coordinate,full,delta_success_rate,high,0.02,primary,0.0,
full_vs_no_rules(supp),all,full,no_rules,delta_success_rate,high,0.02,primary,0.5725,
single_vs_no_rules,legal_set,only_legal_set,no_rules,delta_fail_pos_mean,high,0.02,primary,0.004909,
single_vs_no_rules,legal_set,only_legal_set,no_rules,delta_fail_pos_median,high,0.02,primary,0.008226,
single_vs_no_rules,order,only_order,no_rules,delta_fail_pos_mean,high,0.02,primary,0.0,
single_vs_no_rules,order,only_order,no_rules,delta_fail_pos_median,high,0.02,primary,0.0,
single_vs_no_rules,consistency,only_consistency,no_rules,delta_fail_pos_mean,high,0.02,primary,0.323701,
single_vs_no_rules,consistency,only_consistency,no_rules,delta_fail_pos_median,high,0.02,primary,0.609642,
single_vs_no_rules,coordinate,only_coordinate,no_rules,delta_fail_pos_mean,high,0.02,primary,0.0,
single_vs_no_rules,coordinate,only_coordinate,no_rules,delta_fail_pos_median,high,0.02,primary,0.0,
loo_vs_full,legal_set,loo_no_legal_set,full,delta_fail_pos_mean,high,0.02,primary,-0.250931,
loo_vs_full,legal_set,loo_no_legal_set,full,delta_fail_pos_median,high,0.02,primary,-0.018929,
loo_vs_full,order,loo_no_order,full,delta_fail_pos_mean,high,0.02,primary,0.0,
loo_vs_full,order,loo_no_order,full,delta_fail_pos_median,high,0.02,primary,0.0,
loo_vs_full,consistency,loo_no_consistency,full,delta_fail_pos_mean,high,0.02,primary,-0.569723,
loo_vs_full,consistency,loo_no_consistency,full,delta_fail_pos_median,high,0.02,primary,-0.620345,
loo_vs_full,coordinate,loo_no_coordinate,full,delta_fail_pos_mean,high,0.02,primary,0.0,
loo_vs_full,coordinate,loo_no_coordinate,full,delta_fail_pos_median,high,0.02,primary,0.0,
full_vs_no_rules(supp),all,full,no_rules,delta_fail_pos_mean,high,0.02,primary,0.574632,
full_vs_no_rules(supp),all,full,no_rules,delta_fail_pos_median,high,0.02,primary,0.628571,
single_vs_no_rules,legal_set,only_legal_set,no_rules,delta_success_rate,pooled,0.02,primary,0.015833,
single_vs_no_rules,order,only_order,no_rules,delta_success_rate,pooled,0.02,primary,0.0,
single_vs_no_rules,consistency,only_consistency,no_rules,delta_success_rate,pooled,0.02,primary,0.343667,
single_vs_no_rules,coordinate,only_coordinate,no_rules,delta_success_rate,pooled,0.02,primary,0.0,
loo_vs_full,legal_set,loo_no_legal_set,full,delta_success_rate,pooled,0.02,primary,-0.1075,
loo_vs_full,order,loo_no_order,full,delta_success_rate,pooled,0.02,primary,0.0,
loo_vs_full,consistency,loo_no_consistency,full,delta_success_rate,pooled,0.02,primary,-0.435333,
loo_vs_full,coordinate,loo_no_coordinate,full,delta_success_rate,pooled,0.02,primary,0.0,
full_vs_no_rules(supp),all,full,no_rules,delta_success_rate,pooled,0.02,primary,0.451167,
single_vs_no_rules,legal_set,only_legal_set,no_rules,delta_fail_pos_mean,pooled,0.02,primary,0.00465,
single_vs_no_rules,legal_set,only_legal_set,no_rules,delta_fail_pos_median,pooled,0.02,primary,0.004808,
single_vs_no_rules,order,only_order,no_rules,delta_fail_pos_mean,pooled,0.02,primary,0.0,
single_vs_no_rules,order,only_order,no_rules,delta_fail_pos_median,pooled,0.02,primary,0.0,
single_vs_no_rules,consistency,only_consistency,no_rules,delta_fail_pos_mean,pooled,0.02,primary,0.29066,
single_vs_no_rules,consistency,only_consistency,no_rules,delta_fail_pos_median,pooled,0.02,primary,0.546475,
single_vs_no_rules,coordinate,only_coordinate,no_rules,delta_fail_pos_mean,pooled,0.02,primary,0.0,
single_vs_no_rules,coordinate,only_coordinate,no_rules,delta_fail_pos_median,pooled,0.02,primary,0.0,
loo_vs_full,legal_set,loo_no_legal_set,full,delta_fail_pos_mean,pooled,0.02,primary,-0.229931,
loo_vs_full,legal_set,loo_no_legal_set,full,delta_fail_pos_median,pooled,0.02,primary,-0.020833,
loo_vs_full,order,loo_no_order,full,delta_fail_pos_mean,pooled,0.02,primary,0.0,
loo_vs_full,order,loo_no_order,full,delta_fail_pos_median,pooled,0.02,primary,0.0,
loo_vs_full,consistency,loo_no_consistency,full,delta_fail_pos_mean,pooled,0.02,primary,-0.515941,
loo_vs_full,consistency,loo_no_consistency,full,delta_fail_pos_median,pooled,0.02,primary,-0.5625,
loo_vs_full,coordinate,loo_no_coordinate,full,delta_fail_pos_mean,pooled,0.02,primary,0.0,
loo_vs_full,coordinate,loo_no_coordinate,full,delta_fail_pos_median,pooled,0.02,primary,0.0,
full_vs_no_rules(supp),all,full,no_rules,delta_fail_pos_mean,pooled,0.02,primary,0.520591,
full_vs_no_rules(supp),all,full,no_rules,delta_fail_pos_median,pooled,0.02,primary,0.567308,
single_vs_no_rules,legal_set,only_legal_set,no_rules,delta_success_rate,low,0.05,primary,0.01725,
single_vs_no_rules,order,only_order,no_rules,delta_success_rate,low,0.05,primary,0.0,
single_vs_no_rules,consistency,only_consistency,no_rules,delta_success_rate,low,0.05,primary,0.40525,
single_vs_no_rules,coordinate,only_coordinate,no_rules,delta_success_rate,low,0.05,primary,0.0,
loo_vs_full,legal_set,loo_no_legal_set,full,delta_success_rate,low,0.05,primary,-0.15725,
loo_vs_full,order,loo_no_order,full,delta_success_rate,low,0.05,primary,0.0,
loo_vs_full,consistency,loo_no_consistency,full,delta_success_rate,low,0.05,primary,-0.54525,
loo_vs_full,coordinate,loo_no_coordinate,full,delta_success_rate,low,0.05,primary,0.0,
full_vs_no_rules(supp),all,full,no_rules,delta_success_rate,low,0.05,primary,0.5625,
single_vs_no_rules,legal_set,only_legal_set,no_rules,delta_fail_pos_mean,low,0.05,primary,0.009938,
single_vs_no_rules,legal_set,only_legal_set,no_rules,delta_fail_pos_median,low,0.05,primary,0.00641,
single_vs_no_rules,order,only_order,no_rules,delta_fail_pos_mean,low,0.05,primary,0.0,
single_vs_no_rules,order,only_order,no_rules,delta_fail_pos_median,low,0.05,primary,0.0,
single_vs_no_rules,consistency,only_consistency,no_rules,delta_fail_pos_mean,low,0.05,primary,0.289753,
single_vs_no_rules,consistency,only_consistency,no_rules,delta_fail_pos_median,low,0.05,primary,0.515151,
single_vs_no_rules,coordinate,only_coordinate,no_rules,delta_fail_pos_mean,low,0.05,primary,0.0,
single_vs_no_rules,coordinate,only_coordinate,no_rules,delta_fail_pos_median,low,0.05,primary,0.0,
loo_vs_full,legal_set,loo_no_legal_set,full,delta_fail_pos_mean,low,0.05,primary,-0.237065,
loo_vs_full,legal_set,loo_no_legal_set,full,delta_fail_pos_median,low,0.05,primary,-0.068182,
loo_vs_full,order,loo_no_order,full,delta_fail_pos_mean,low,0.05,primary,0.0,
loo_vs_full,order,loo_no_order,full,delta_fail_pos_median,low,0.05,primary,0.0,
loo_vs_full,consistency,loo_no_consistency,full,delta_fail_pos_mean,low,0.05,primary,-0.51688,
loo_vs_full,consistency,loo_no_consistency,full,delta_fail_pos_median,low,0.05,primary,-0.576923,
loo_vs_full,coordinate,loo_no_coordinate,full,delta_fail_pos_mean,low,0.05,primary,0.0,
loo_vs_full,coordinate,loo_no_coordinate,full,delta_fail_pos_median,low,0.05,primary,0.0,
full_vs_no_rules(supp),all,full,no_rules,delta_fail_pos_mean,low,0.05,primary,0.526818,
full_vs_no_rules(supp),all,full,no_rules,delta_fail_pos_median,low,0.05,primary,0.583333,
single_vs_no_rules,legal_set,only_legal_set,no_rules,delta_success_rate,medium,0.05,primary,0.012,
single_vs_no_rules,order,only_order,no_rules,delta_success_rate,medium,0.05,primary,0.0,
single_vs_no_rules,consistency,only_consistency,no_rules,delta_success_rate,medium,0.05,primary,0.422,
single_vs_no_rules,coordinate,only_coordinate,no_rules,delta_success_rate,medium,0.05,primary,0.0,
loo_vs_full,legal_set,loo_no_legal_set,full,delta_success_rate,medium,0.05,primary,-0.2035,
loo_vs_full,order,loo_no_order,full,delta_success_rate,medium,0.05,primary,0.0,
loo_vs_full,consistency,loo_no_consistency,full,delta_success_rate,medium,0.05,primary,-0.6135,
loo_vs_full,coordinate,loo_no_coordinate,full,delta_success_rate,medium,0.05,primary,0.0,
full_vs_no_rules(supp),all,full,no_rules,delta_success_rate,medium,0.05,primary,0.6255,
single_vs_no_rules,legal_set,only_legal_set,no_rules,delta_fail_pos_mean,medium,0.05,primary,0.009768,
single_vs_no_rules,legal_set,only_legal_set,no_rules,delta_fail_pos_median,medium,0.05,primary,0.010417,
single_vs_no_rules,order,only_order,no_rules,delta_fail_pos_mean,medium,0.05,primary,0.0,
single_vs_no_rules,order,only_order,no_rules,delta_fail_pos_median,medium,0.05,primary,0.0,
single_vs_no_rules,consistency,only_consistency,no_rules,delta_fail_pos_mean,medium,0.05,primary,0.344771,
single_vs_no_rules,consistency,only_consistency,no_rules,delta_fail_pos_median,medium,0.05,primary,0.613096,
single_vs_no_rules,coordinate,only_coordinate,no_rules,delta_fail_pos_mean,medium,0.05,primary,0.0,
single_vs_no_rules,coordinate,only_coordinate,no_rules,delta_fail_pos_median,medium,0.05,primary,0.0,
loo_vs_full,legal_set,loo_no_legal_set,full,delta_fail_pos_mean,medium,0.05,primary,-0.253901,
loo_vs_full,legal_set,loo_no_legal_set,full,delta_fail_pos_median,medium,0.05,primary,-0.053571,
loo_vs_full,order,loo_no_order,full,delta_fail_pos_mean,medium,0.05,primary,0.0,
loo_vs_full,order,loo_no_order,full,delta_fail_pos_median,medium,0.05,primary,0.0,
loo_vs_full,consistency,loo_no_consistency,full,delta_fail_pos_mean,medium,0.05,primary,-0.588904,
loo_vs_full,consistency,loo_no_consistency,full,delta_fail_pos_median,medium,0.05,primary,-0.65625,
loo_vs_full,coordinate,loo_no_coordinate,full,delta_fail_pos_mean,medium,0.05,primary,0.0,
loo_vs_full,coordinate,loo_no_coordinate,full,delta_fail_pos_median,medium,0.05,primary,0.0,
full_vs_no_rules(supp),all,full,no_rules,delta_fail_pos_mean,medium,0.05,primary,0.598672,
full_vs_no_rules(supp),all,full,no_rules,delta_fail_pos_median,medium,0.05,primary,0.666667,
single_vs_no_rules,legal_set,only_legal_set,no_rules,delta_success_rate,high,0.05,primary,0.005,
single_vs_no_rules,order,only_order,no_rules,delta_success_rate,high,0.05,primary,0.0,
single_vs_no_rules,consistency,only_consistency,no_rules,delta_success_rate,high,0.05,primary,0.368,
single_vs_no_rules,coordinate,only_coordinate,no_rules,delta_success_rate,high,0.05,primary,0.0,
loo_vs_full,legal_set,loo_no_legal_set,full,delta_success_rate,high,0.05,primary,-0.2605,
loo_vs_full,order,loo_no_order,full,delta_success_rate,high,0.05,primary,0.0,
loo_vs_full,consistency,loo_no_consistency,full,delta_success_rate,high,0.05,primary,-0.6235,
loo_vs_full,coordinate,loo_no_coordinate,full,delta_success_rate,high,0.05,primary,0.0,
full_vs_no_rules(supp),all,full,no_rules,delta_success_rate,high,0.05,primary,0.6285,
single_vs_no_rules,legal_set,only_legal_set,no_rules,delta_fail_pos_mean,high,0.05,primary,0.007899,
single_vs_no_rules,legal_set,only_legal_set,no_rules,delta_fail_pos_median,high,0.05,primary,0.006685,
single_vs_no_rules,order,only_order,no_rules,delta_fail_pos_mean,high,0.05,primary,0.0,
single_vs_no_rules,order,only_order,no_rules,delta_fail_pos_median,high,0.05,primary,0.0,
single_vs_no_rules,consistency,only_consistency,no_rules,delta_fail_pos_mean,high,0.05,primary,0.409199,
single_vs_no_rules,consistency,only_consistency,no_rules,delta_fail_pos_median,high,0.05,primary,0.673351,
single_vs_no_rules,coordinate,only_coordinate,no_rules,delta_fail_pos_mean,high,0.05,primary,0.0,
single_vs_no_rules,coordinate,only_coordinate,no_rules,delta_fail_pos_median,high,0.05,primary,0.0,
loo_vs_full,legal_set,loo_no_legal_set,full,delta_fail_pos_mean,high,0.05,primary,-0.297278,
loo_vs_full,legal_set,loo_no_legal_set,full,delta_fail_pos_median,high,0.05,primary,-0.106061,
loo_vs_full,order,loo_no_order,full,delta_fail_pos_mean,high,0.05,primary,0.0,
loo_vs_full,order,loo_no_order,full,delta_fail_pos_median,high,0.05,primary,0.0,
loo_vs_full,consistency,loo_no_consistency,full,delta_fail_pos_mean,high,0.05,primary,-0.698578,
loo_vs_full,consistency,loo_no_consistency,full,delta_fail_pos_median,high,0.05,primary,-0.772727,
loo_vs_full,coordinate,loo_no_coordinate,full,delta_fail_pos_mean,high,0.05,primary,0.0,
loo_vs_full,coordinate,loo_no_coordinate,full,delta_fail_pos_median,high,0.05,primary,0.0,
full_vs_no_rules(supp),all,full,no_rules,delta_fail_pos_mean,high,0.05,primary,0.706477,
full_vs_no_rules(supp),all,full,no_rules,delta_fail_pos_median,high,0.05,primary,0.779412,
single_vs_no_rules,legal_set,only_legal_set,no_rules,delta_success_rate,pooled,0.05,primary,0.011417,
single_vs_no_rules,order,only_order,no_rules,delta_success_rate,pooled,0.05,primary,0.0,
single_vs_no_rules,consistency,only_consistency,no_rules,delta_success_rate,pooled,0.05,primary,0.398417,
single_vs_no_rules,coordinate,only_coordinate,no_rules,delta_success_rate,pooled,0.05,primary,0.0,
loo_vs_full,legal_set,loo_no_legal_set,full,delta_success_rate,pooled,0.05,primary,-0.207083,
loo_vs_full,order,loo_no_order,full,delta_success_rate,pooled,0.05,primary,0.0,
loo_vs_full,consistency,loo_no_consistency,full,delta_success_rate,pooled,0.05,primary,-0.594083,
loo_vs_full,coordinate,loo_no_coordinate,full,delta_success_rate,pooled,0.05,primary,0.0,
full_vs_no_rules(supp),all,full,no_rules,delta_success_rate,pooled,0.05,primary,0.6055,
single_vs_no_rules,legal_set,only_legal_set,no_rules,delta_fail_pos_mean,pooled,0.05,primary,0.008563,
single_vs_no_rules,legal_set,only_legal_set,no_rules,delta_fail_pos_median,pooled,0.05,primary,0.008929,
single_vs_no_rules,order,only_order,no_rules,delta_fail_pos_mean,pooled,0.05,primary,0.0,
single_vs_no_rules,order,only_order,no_rules,delta_fail_pos_median,pooled,0.05,primary,0.0,
single_vs_no_rules,consistency,only_consistency,no_rules,delta_fail_pos_mean,pooled,0.05,primary,0.349813,
single_vs_no_rules,consistency,only_consistency,no_rules,delta_fail_pos_median,pooled,0.05,primary,0.625,
single_vs_no_rules,coordinate,only_coordinate,no_rules,delta_fail_pos_mean,pooled,0.05,primary,0.0,
single_vs_no_rules,coordinate,only_coordinate,no_rules,delta_fail_pos_median,pooled,0.05,primary,0.0,
loo_vs_full,legal_set,loo_no_legal_set,full,delta_fail_pos_mean,pooled,0.05,primary,-0.268655,
loo_vs_full,legal_set,loo_no_legal_set,full,delta_fail_pos_median,pooled,0.05,primary,-0.0625,
loo_vs_full,order,loo_no_order,full,delta_fail_pos_mean,pooled,0.05,primary,0.0,
loo_vs_full,order,loo_no_order,full,delta_fail_pos_median,pooled,0.05,primary,0.0,
loo_vs_full,consistency,loo_no_consistency,full,delta_fail_pos_mean,pooled,0.05,primary,-0.609905,
loo_vs_full,consistency,loo_no_consistency,full,delta_fail_pos_median,pooled,0.05,primary,-0.678571,
loo_vs_full,coordinate,loo_no_coordinate,full,delta_fail_pos_mean,pooled,0.05,primary,0.0,
loo_vs_full,coordinate,loo_no_coordinate,full,delta_fail_pos_median,pooled,0.05,primary,0.0,
full_vs_no_rules(supp),all,full,no_rules,delta_fail_pos_mean,pooled,0.05,primary,0.618468,
full_vs_no_rules(supp),all,full,no_rules,delta_fail_pos_median,pooled,0.05,primary,0.6875,
single_vs_no_rules,legal_set,only_legal_set,no_rules,delta_success_rate,low,0.08,primary,0.01575,
single_vs_no_rules,order,only_order,no_rules,delta_success_rate,low,0.08,primary,0.0,
single_vs_no_rules,consistency,only_consistency,no_rules,delta_success_rate,low,0.08,primary,0.40875,
single_vs_no_rules,coordinate,only_coordinate,no_rules,delta_success_rate,low,0.08,primary,0.0,
loo_vs_full,legal_set,loo_no_legal_set,full,delta_success_rate,low,0.08,primary,-0.221,
loo_vs_full,order,loo_no_order,full,delta_success_rate,low,0.08,primary,0.0,
loo_vs_full,consistency,loo_no_consistency,full,delta_success_rate,low,0.08,primary,-0.614,
loo_vs_full,coordinate,loo_no_coordinate,full,delta_success_rate,low,0.08,primary,0.0,
full_vs_no_rules(supp),all,full,no_rules,delta_success_rate,low,0.08,primary,0.62975,
single_vs_no_rules,legal_set,only_legal_set,no_rules,delta_fail_pos_mean,low,0.08,primary,0.013238,
single_vs_no_rules,legal_set,only_legal_set,no_rules,delta_fail_pos_median,low,0.08,primary,0.011364,
single_vs_no_rules,order,only_order,no_rules,delta_fail_pos_mean,low,0.08,primary,0.0,
single_vs_no_rules,order,only_order,no_rules,delta_fail_pos_median,low,0.08,primary,0.0,
single_vs_no_rules,consistency,only_consistency,no_rules,delta_fail_pos_mean,low,0.08,primary,0.328309,
single_vs_no_rules,consistency,only_consistency,no_rules,delta_fail_pos_median,low,0.08,primary,0.553031,
single_vs_no_rules,coordinate,only_coordinate,no_rules,delta_fail_pos_mean,low,0.08,primary,0.0,
single_vs_no_rules,coordinate,only_coordinate,no_rules,delta_fail_pos_median,low,0.08,primary,0.0,
loo_vs_full,legal_set,loo_no_legal_set,full,delta_fail_pos_mean,low,0.08,primary,-0.257418,
loo_vs_full,legal_set,loo_no_legal_set,full,delta_fail_pos_median,low,0.08,primary,-0.083333,
loo_vs_full,order,loo_no_order,full,delta_fail_pos_mean,low,0.08,primary,0.0,
loo_vs_full,order,loo_no_order,full,delta_fail_pos_median,low,0.08,primary,0.0,
loo_vs_full,consistency,loo_no_consistency,full,delta_fail_pos_mean,low,0.08,primary,-0.572489,
loo_vs_full,consistency,loo_no_consistency,full,delta_fail_pos_median,low,0.08,primary,-0.625,
loo_vs_full,coordinate,loo_no_coordinate,full,delta_fail_pos_mean,low,0.08,primary,0.0,
loo_vs_full,coordinate,loo_no_coordinate,full,delta_fail_pos_median,low,0.08,primary,0.0,
full_vs_no_rules(supp),all,full,no_rules,delta_fail_pos_mean,low,0.08,primary,0.585727,
full_vs_no_rules(supp),all,full,no_rules,delta_fail_pos_median,low,0.08,primary,0.636364,
single_vs_no_rules,legal_set,only_legal_set,no_rules,delta_success_rate,medium,0.08,primary,0.0075,
single_vs_no_rules,order,only_order,no_rules,delta_success_rate,medium,0.08,primary,0.0,
single_vs_no_rules,consistency,only_consistency,no_rules,delta_success_rate,medium,0.08,primary,0.378,
single_vs_no_rules,coordinate,only_coordinate,no_rules,delta_success_rate,medium,0.08,primary,0.0,
loo_vs_full,legal_set,loo_no_legal_set,full,delta_success_rate,medium,0.08,primary,-0.2545,
loo_vs_full,order,loo_no_order,full,delta_success_rate,medium,0.08,primary,0.0,
loo_vs_full,consistency,loo_no_consistency,full,delta_success_rate,medium,0.08,primary,-0.625,
loo_vs_full,coordinate,loo_no_coordinate,full,delta_success_rate,medium,0.08,primary,0.0,
full_vs_no_rules(supp),all,full,no_rules,delta_success_rate,medium,0.08,primary,0.6325,
single_vs_no_rules,legal_set,only_legal_set,no_rules,delta_fail_pos_mean,medium,0.08,primary,0.009916,
single_vs_no_rules,legal_set,only_legal_set,no_rules,delta_fail_pos_median,medium,0.08,primary,0.008021,
single_vs_no_rules,order,only_order,no_rules,delta_fail_pos_mean,medium,0.08,primary,0.0,
single_vs_no_rules,order,only_order,no_rules,delta_fail_pos_median,medium,0.08,primary,0.0,
single_vs_no_rules,consistency,only_consistency,no_rules,delta_fail_pos_mean,medium,0.08,primary,0.388378,
single_vs_no_rules,consistency,only_consistency,no_rules,delta_fail_pos_median,medium,0.08,primary,0.667112,
single_vs_no_rules,coordinate,only_coordinate,no_rules,delta_fail_pos_mean,medium,0.08,primary,0.0,
single_vs_no_rules,coordinate,only_coordinate,no_rules,delta_fail_pos_median,medium,0.08,primary,0.0,
loo_vs_full,legal_set,loo_no_legal_set,full,delta_fail_pos_mean,medium,0.08,primary,-0.277202,
loo_vs_full,legal_set,loo_no_legal_set,full,delta_fail_pos_median,medium,0.08,primary,-0.068182,
loo_vs_full,order,loo_no_order,full,delta_fail_pos_mean,medium,0.08,primary,0.0,
loo_vs_full,order,loo_no_order,full,delta_fail_pos_median,medium,0.08,primary,0.0,
loo_vs_full,consistency,loo_no_consistency,full,delta_fail_pos_mean,medium,0.08,primary,-0.655664,
loo_vs_full,consistency,loo_no_consistency,full,delta_fail_pos_median,medium,0.08,primary,-0.727273,
loo_vs_full,coordinate,loo_no_coordinate,full,delta_fail_pos_mean,medium,0.08,primary,0.0,
loo_vs_full,coordinate,loo_no_coordinate,full,delta_fail_pos_median,medium,0.08,primary,0.0,
full_vs_no_rules(supp),all,full,no_rules,delta_fail_pos_mean,medium,0.08,primary,0.66558,
full_vs_no_rules(supp),all,full,no_rules,delta_fail_pos_median,medium,0.08,primary,0.735294,
single_vs_no_rules,legal_set,only_legal_set,no_rules,delta_success_rate,high,0.08,primary,0.00125,
single_vs_no_rules,order,only_order,no_rules,delta_success_rate,high,0.08,primary,0.0,
single_vs_no_rules,consistency,only_consistency,no_rules,delta_success_rate,high,0.08,primary,0.26675,
single_vs_no_rules,coordinate,only_coordinate,no_rules,delta_success_rate,high,0.08,primary,0.0,
loo_vs_full,legal_set,loo_no_legal_set,full,delta_success_rate,high,0.08,primary,-0.29475,
loo_vs_full,order,loo_no_order,full,delta_success_rate,high,0.08,primary,0.0,
loo_vs_full,consistency,loo_no_consistency,full,delta_success_rate,high,0.08,primary,-0.56025,
loo_vs_full,coordinate,loo_no_coordinate,full,delta_success_rate,high,0.08,primary,0.0,
full_vs_no_rules(supp),all,full,no_rules,delta_success_rate,high,0.08,primary,0.5615,
single_vs_no_rules,legal_set,only_legal_set,no_rules,delta_fail_pos_mean,high,0.08,primary,0.009144,
single_vs_no_rules,legal_set,only_legal_set,no_rules,delta_fail_pos_median,high,0.08,primary,0.004049,
single_vs_no_rules,order,only_order,no_rules,delta_fail_pos_mean,high,0.08,primary,0.0,
single_vs_no_rules,order,only_order,no_rules,delta_fail_pos_median,high,0.08,primary,0.0,
single_vs_no_rules,consistency,only_consistency,no_rules,delta_fail_pos_mean,high,0.08,primary,0.446071,
single_vs_no_rules,consistency,only_consistency,no_rules,delta_fail_pos_median,high,0.08,primary,0.603297,
single_vs_no_rules,coordinate,only_coordinate,no_rules,delta_fail_pos_mean,high,0.08,primary,0.0,
single_vs_no_rules,coordinate,only_coordinate,no_rules,delta_fail_pos_median,high,0.08,primary,0.0,
loo_vs_full,legal_set,loo_no_legal_set,full,delta_fail_pos_mean,high,0.08,primary,-0.342888,
loo_vs_full,legal_set,loo_no_legal_set,full,delta_fail_pos_median,high,0.08,primary,-0.242857,
loo_vs_full,order,loo_no_order,full,delta_fail_pos_mean,high,0.08,primary,0.0,
loo_vs_full,order,loo_no_order,full,delta_fail_pos_median,high,0.08,primary,0.0,
loo_vs_full,consistency,loo_no_consistency,full,delta_fail_pos_mean,high,0.08,primary,-0.779815,
loo_vs_full,consistency,loo_no_consistency,full,delta_fail_pos_median,high,0.08,primary,-0.842105,
loo_vs_full,coordinate,loo_no_coordinate,full,delta_fail_pos_mean,high,0.08,primary,0.0,
loo_vs_full,coordinate,loo_no_coordinate,full,delta_fail_pos_median,high,0.08,primary,0.0,
full_vs_no_rules(supp),all,full,no_rules,delta_fail_pos_mean,high,0.08,primary,0.788959,
full_vs_no_rules(supp),all,full,no_rules,delta_fail_pos_median,high,0.08,primary,0.846154,
single_vs_no_rules,legal_set,only_legal_set,no_rules,delta_success_rate,pooled,0.08,primary,0.008167,
single_vs_no_rules,order,only_order,no_rules,delta_success_rate,pooled,0.08,primary,0.0,
single_vs_no_rules,consistency,only_consistency,no_rules,delta_success_rate,pooled,0.08,primary,0.351167,
single_vs_no_rules,coordinate,only_coordinate,no_rules,delta_success_rate,pooled,0.08,primary,0.0,
loo_vs_full,legal_set,loo_no_legal_set,full,delta_success_rate,pooled,0.08,primary,-0.25675,
loo_vs_full,order,loo_no_order,full,delta_success_rate,pooled,0.08,primary,0.0,
loo_vs_full,consistency,loo_no_consistency,full,delta_success_rate,pooled,0.08,primary,-0.59975,
loo_vs_full,coordinate,loo_no_coordinate,full,delta_success_rate,pooled,0.08,primary,0.0,
full_vs_no_rules(supp),all,full,no_rules,delta_success_rate,pooled,0.08,primary,0.607917,
single_vs_no_rules,legal_set,only_legal_set,no_rules,delta_fail_pos_mean,pooled,0.08,primary,0.010111,
single_vs_no_rules,legal_set,only_legal_set,no_rules,delta_fail_pos_median,pooled,0.08,primary,0.0,
single_vs_no_rules,order,only_order,no_rules,delta_fail_pos_mean,pooled,0.08,primary,0.0,
single_vs_no_rules,order,only_order,no_rules,delta_fail_pos_median,pooled,0.08,primary,0.0,
single_vs_no_rules,consistency,only_consistency,no_rules,delta_fail_pos_mean,pooled,0.08,primary,0.385242,
single_vs_no_rules,consistency,only_consistency,no_rules,delta_fail_pos_median,pooled,0.08,primary,0.642857,
single_vs_no_rules,coordinate,only_coordinate,no_rules,delta_fail_pos_mean,pooled,0.08,primary,0.0,
single_vs_no_rules,coordinate,only_coordinate,no_rules,delta_fail_pos_median,pooled,0.08,primary,0.0,
loo_vs_full,legal_set,loo_no_legal_set,full,delta_fail_pos_mean,pooled,0.08,primary,-0.2988,
loo_vs_full,legal_set,loo_no_legal_set,full,delta_fail_pos_median,pooled,0.08,primary,-0.107143,
loo_vs_full,order,loo_no_order,full,delta_fail_pos_mean,pooled,0.08,primary,0.0,
loo_vs_full,order,loo_no_order,full,delta_fail_pos_median,pooled,0.08,primary,0.0,
loo_vs_full,consistency,loo_no_consistency,full,delta_fail_pos_mean,pooled,0.08,primary,-0.673931,
loo_vs_full,consistency,loo_no_consistency,full,delta_fail_pos_median,pooled,0.08,primary,-0.75,
loo_vs_full,coordinate,loo_no_coordinate,full,delta_fail_pos_mean,pooled,0.08,primary,0.0,
loo_vs_full,coordinate,loo_no_coordinate,full,delta_fail_pos_median,pooled,0.08,primary,0.0,
full_vs_no_rules(supp),all,full,no_rules,delta_fail_pos_mean,pooled,0.08,primary,0.684042,
full_vs_no_rules(supp),all,full,no_rules,delta_fail_pos_median,pooled,0.08,primary,0.75,
single_vs_no_rules,legal_set,only_legal_set,no_rules,delta_success_rate,low,0.1,exploratory,0.01225,
single_vs_no_rules,order,only_order,no_rules,delta_success_rate,low,0.1,exploratory,0.0,
single_vs_no_rules,consistency,only_consistency,no_rules,delta_success_rate,low,0.1,exploratory,0.39975,
single_vs_no_rules,coordinate,only_coordinate,no_rules,delta_success_rate,low,0.1,exploratory,0.0,
loo_vs_full,legal_set,loo_no_legal_set,full,delta_success_rate,low,0.1,exploratory,-0.24025,
loo_vs_full,order,loo_no_order,full,delta_success_rate,low,0.1,exploratory,0.0,
loo_vs_full,consistency,loo_no_consistency,full,delta_success_rate,low,0.1,exploratory,-0.62775,
loo_vs_full,coordinate,loo_no_coordinate,full,delta_success_rate,low,0.1,exploratory,0.0,
full_vs_no_rules(supp),all,full,no_rules,delta_success_rate,low,0.1,exploratory,0.64,
single_vs_no_rules,legal_set,only_legal_set,no_rules,delta_fail_pos_mean,low,0.1,exploratory,0.015004,
single_vs_no_rules,legal_set,only_legal_set,no_rules,delta_fail_pos_median,low,0.1,exploratory,0.0,
single_vs_no_rules,order,only_order,no_rules,delta_fail_pos_mean,low,0.1,exploratory,0.0,
single_vs_no_rules,order,only_order,no_rules,delta_fail_pos_median,low,0.1,exploratory,0.0,
single_vs_no_rules,consistency,only_consistency,no_rules,delta_fail_pos_mean,low,0.1,exploratory,0.347509,
single_vs_no_rules,consistency,only_consistency,no_rules,delta_fail_pos_median,low,0.1,exploratory,0.566667,
single_vs_no_rules,coordinate,only_coordinate,no_rules,delta_fail_pos_mean,low,0.1,exploratory,0.0,
single_vs_no_rules,coordinate,only_coordinate,no_rules,delta_fail_pos_median,low,0.1,exploratory,0.0,
loo_vs_full,legal_set,loo_no_legal_set,full,delta_fail_pos_mean,low,0.1,exploratory,-0.267395,
loo_vs_full,legal_set,loo_no_legal_set,full,delta_fail_pos_median,low,0.1,exploratory,-0.1,
loo_vs_full,order,loo_no_order,full,delta_fail_pos_mean,low,0.1,exploratory,0.0,
loo_vs_full,order,loo_no_order,full,delta_fail_pos_median,low,0.1,exploratory,0.0,
loo_vs_full,consistency,loo_no_consistency,full,delta_fail_pos_mean,low,0.1,exploratory,-0.5999,
loo_vs_full,consistency,loo_no_consistency,full,delta_fail_pos_median,low,0.1,exploratory,-0.666667,
loo_vs_full,coordinate,loo_no_coordinate,full,delta_fail_pos_mean,low,0.1,exploratory,0.0,
loo_vs_full,coordinate,loo_no_coordinate,full,delta_fail_pos_median,low,0.1,exploratory,0.0,
full_vs_no_rules(supp),all,full,no_rules,delta_fail_pos_mean,low,0.1,exploratory,0.614904,
full_vs_no_rules(supp),all,full,no_rules,delta_fail_pos_median,low,0.1,exploratory,0.666667,
single_vs_no_rules,legal_set,only_legal_set,no_rules,delta_success_rate,medium,0.1,exploratory,0.00425,
single_vs_no_rules,order,only_order,no_rules,delta_success_rate,medium,0.1,exploratory,0.0,
single_vs_no_rules,consistency,only_consistency,no_rules,delta_success_rate,medium,0.1,exploratory,0.331,
single_vs_no_rules,coordinate,only_coordinate,no_rules,delta_success_rate,medium,0.1,exploratory,0.0,
loo_vs_full,legal_set,loo_no_legal_set,full,delta_success_rate,medium,0.1,exploratory,-0.27725,
loo_vs_full,order,loo_no_order,full,delta_success_rate,medium,0.1,exploratory,0.0,
loo_vs_full,consistency,loo_no_consistency,full,delta_success_rate,medium,0.1,exploratory,-0.604,
loo_vs_full,coordinate,loo_no_coordinate,full,delta_success_rate,medium,0.1,exploratory,0.0,
full_vs_no_rules(supp),all,full,no_rules,delta_success_rate,medium,0.1,exploratory,0.60825,
single_vs_no_rules,legal_set,only_legal_set,no_rules,delta_fail_pos_mean,medium,0.1,exploratory,0.011472,
single_vs_no_rules,legal_set,only_legal_set,no_rules,delta_fail_pos_median,medium,0.1,exploratory,0.007674,
single_vs_no_rules,order,only_order,no_rules,delta_fail_pos_mean,medium,0.1,exploratory,0.0,
single_vs_no_rules,order,only_order,no_rules,delta_fail_pos_median,medium,0.1,exploratory,0.0,
single_vs_no_rules,consistency,only_consistency,no_rules,delta_fail_pos_mean,medium,0.1,exploratory,0.414017,
single_vs_no_rules,consistency,only_consistency,no_rules,delta_fail_pos_median,medium,0.1,exploratory,0.685211,
single_vs_no_rules,coordinate,only_coordinate,no_rules,delta_fail_pos_mean,medium,0.1,exploratory,0.0,
single_vs_no_rules,coordinate,only_coordinate,no_rules,delta_fail_pos_median,medium,0.1,exploratory,0.0,
loo_vs_full,legal_set,loo_no_legal_set,full,delta_fail_pos_mean,medium,0.1,exploratory,-0.291129,
loo_vs_full,legal_set,loo_no_legal_set,full,delta_fail_pos_median,medium,0.1,exploratory,-0.083333,
loo_vs_full,order,loo_no_order,full,delta_fail_pos_mean,medium,0.1,exploratory,0.0,
loo_vs_full,order,loo_no_order,full,delta_fail_pos_median,medium,0.1,exploratory,0.0,
loo_vs_full,consistency,loo_no_consistency,full,delta_fail_pos_mean,medium,0.1,exploratory,-0.693674,
loo_vs_full,consistency,loo_no_consistency,full,delta_fail_pos_median,medium,0.1,exploratory,-0.76087,
loo_vs_full,coordinate,loo_no_coordinate,full,delta_fail_pos_mean,medium,0.1,exploratory,0.0,
loo_vs_full,coordinate,loo_no_coordinate,full,delta_fail_pos_median,medium,0.1,exploratory,0.0,
full_vs_no_rules(supp),all,full,no_rules,delta_fail_pos_mean,medium,0.1,exploratory,0.705146,
full_vs_no_rules(supp),all,full,no_rules,delta_fail_pos_median,medium,0.1,exploratory,0.768544,
single_vs_no_rules,legal_set,only_legal_set,no_rules,delta_success_rate,high,0.1,exploratory,0.00075,
single_vs_no_rules,order,only_order,no_rules,delta_success_rate,high,0.1,exploratory,0.0,
single_vs_no_rules,consistency,only_consistency,no_rules,delta_success_rate,high,0.1,exploratory,0.21975,
single_vs_no_rules,coordinate,only_coordinate,no_rules,delta_success_rate,high,0.1,exploratory,0.0,
loo_vs_full,legal_set,loo_no_legal_set,full,delta_success_rate,high,0.1,exploratory,-0.307,
loo_vs_full,order,loo_no_order,full,delta_success_rate,high,0.1,exploratory,0.0,
loo_vs_full,consistency,loo_no_consistency,full,delta_success_rate,high,0.1,exploratory,-0.526,
loo_vs_full,coordinate,loo_no_coordinate,full,delta_success_rate,high,0.1,exploratory,0.0,
full_vs_no_rules(supp),all,full,no_rules,delta_success_rate,high,0.1,exploratory,0.52675,
single_vs_no_rules,legal_set,only_legal_set,no_rules,delta_fail_pos_mean,high,0.1,exploratory,0.007503,
single_vs_no_rules,legal_set,only_legal_set,no_rules,delta_fail_pos_median,high,0.1,exploratory,0.005149,
single_vs_no_rules,order,only_order,no_rules,delta_fail_pos_mean,high,0.1,exploratory,0.0,
single_vs_no_rules,order,only_order,no_rules,delta_fail_pos_median,high,0.1,exploratory,0.0,
single_vs_no_rules,consistency,only_consistency,no_rules,delta_fail_pos_mean,high,0.1,exploratory,0.459633,
single_vs_no_rules,consistency,only_consistency,no_rules,delta_fail_pos_median,high,0.1,exploratory,0.578381,
single_vs_no_rules,coordinate,only_coordinate,no_rules,delta_fail_pos_mean,high,0.1,exploratory,0.0,
single_vs_no_rules,coordinate,only_coordinate,no_rules,delta_fail_pos_median,high,0.1,exploratory,0.0,
loo_vs_full,legal_set,loo_no_legal_set,full,delta_fail_pos_mean,high,0.1,exploratory,-0.362129,
loo_vs_full,legal_set,loo_no_legal_set,full,delta_fail_pos_median,high,0.1,exploratory,-0.287879,
loo_vs_full,order,loo_no_order,full,delta_fail_pos_mean,high,0.1,exploratory,0.0,
loo_vs_full,order,loo_no_order,full,delta_fail_pos_median,high,0.1,exploratory,0.0,
loo_vs_full,consistency,loo_no_consistency,full,delta_fail_pos_mean,high,0.1,exploratory,-0.814259,
loo_vs_full,consistency,loo_no_consistency,full,delta_fail_pos_median,high,0.1,exploratory,-0.861111,
loo_vs_full,coordinate,loo_no_coordinate,full,delta_fail_pos_mean,high,0.1,exploratory,0.0,
loo_vs_full,coordinate,loo_no_coordinate,full,delta_fail_pos_median,high,0.1,exploratory,0.0,
full_vs_no_rules(supp),all,full,no_rules,delta_fail_pos_mean,high,0.1,exploratory,0.821762,
full_vs_no_rules(supp),all,full,no_rules,delta_fail_pos_median,high,0.1,exploratory,0.86626,
single_vs_no_rules,legal_set,only_legal_set,no_rules,delta_success_rate,pooled,0.1,exploratory,0.00575,
single_vs_no_rules,order,only_order,no_rules,delta_success_rate,pooled,0.1,exploratory,0.0,
single_vs_no_rules,consistency,only_consistency,no_rules,delta_success_rate,pooled,0.1,exploratory,0.316833,
single_vs_no_rules,coordinate,only_coordinate,no_rules,delta_success_rate,pooled,0.1,exploratory,0.0,
loo_vs_full,legal_set,loo_no_legal_set,full,delta_success_rate,pooled,0.1,exploratory,-0.274833,
loo_vs_full,order,loo_no_order,full,delta_success_rate,pooled,0.1,exploratory,0.0,
loo_vs_full,consistency,loo_no_consistency,full,delta_success_rate,pooled,0.1,exploratory,-0.585917,
loo_vs_full,coordinate,loo_no_coordinate,full,delta_success_rate,pooled,0.1,exploratory,0.0,
full_vs_no_rules(supp),all,full,no_rules,delta_success_rate,pooled,0.1,exploratory,0.591667,
single_vs_no_rules,legal_set,only_legal_set,no_rules,delta_fail_pos_mean,pooled,0.1,exploratory,0.010803,
single_vs_no_rules,legal_set,only_legal_set,no_rules,delta_fail_pos_median,pooled,0.1,exploratory,0.005714,
single_vs_no_rules,order,only_order,no_rules,delta_fail_pos_mean,pooled,0.1,exploratory,0.0,
single_vs_no_rules,order,only_order,no_rules,delta_fail_pos_median,pooled,0.1,exploratory,0.0,
single_vs_no_rules,consistency,only_consistency,no_rules,delta_fail_pos_mean,pooled,0.1,exploratory,0.403378,
single_vs_no_rules,consistency,only_consistency,no_rules,delta_fail_pos_median,pooled,0.1,exploratory,0.660714,
single_vs_no_rules,coordinate,only_coordinate,no_rules,delta_fail_pos_mean,pooled,0.1,exploratory,0.0,
single_vs_no_rules,coordinate,only_coordinate,no_rules,delta_fail_pos_median,pooled,0.1,exploratory,0.0,
loo_vs_full,legal_set,loo_no_legal_set,full,delta_fail_pos_mean,pooled,0.1,exploratory,-0.312971,
loo_vs_full,legal_set,loo_no_legal_set,full,delta_fail_pos_median,pooled,0.1,exploratory,-0.125,
loo_vs_full,order,loo_no_order,full,delta_fail_pos_mean,pooled,0.1,exploratory,0.0,
loo_vs_full,order,loo_no_order,full,delta_fail_pos_median,pooled,0.1,exploratory,0.0,
loo_vs_full,consistency,loo_no_consistency,full,delta_fail_pos_mean,pooled,0.1,exploratory,-0.705546,
loo_vs_full,consistency,loo_no_consistency,full,delta_fail_pos_median,pooled,0.1,exploratory,-0.78,
loo_vs_full,coordinate,loo_no_coordinate,full,delta_fail_pos_mean,pooled,0.1,exploratory,0.0,
loo_vs_full,coordinate,loo_no_coordinate,full,delta_fail_pos_median,pooled,0.1,exploratory,0.0,
full_vs_no_rules(supp),all,full,no_rules,delta_fail_pos_mean,pooled,0.1,exploratory,0.716349,
full_vs_no_rules(supp),all,full,no_rules,delta_fail_pos_median,pooled,0.1,exploratory,0.785714,
single_vs_no_rules,legal_set,only_legal_set,no_rules,delta_success_rate,low,0.14,exploratory,0.00675,
single_vs_no_rules,order,only_order,no_rules,delta_success_rate,low,0.14,exploratory,0.0,
single_vs_no_rules,consistency,only_consistency,no_rules,delta_success_rate,low,0.14,exploratory,0.3435,
single_vs_no_rules,coordinate,only_coordinate,no_rules,delta_success_rate,low,0.14,exploratory,0.0,
loo_vs_full,legal_set,loo_no_legal_set,full,delta_success_rate,low,0.14,exploratory,-0.28,
loo_vs_full,order,loo_no_order,full,delta_success_rate,low,0.14,exploratory,0.0,
loo_vs_full,consistency,loo_no_consistency,full,delta_success_rate,low,0.14,exploratory,-0.61675,
loo_vs_full,coordinate,loo_no_coordinate,full,delta_success_rate,low,0.14,exploratory,0.0,
full_vs_no_rules(supp),all,full,no_rules,delta_success_rate,low,0.14,exploratory,0.6235,
single_vs_no_rules,legal_set,only_legal_set,no_rules,delta_fail_pos_mean,low,0.14,exploratory,0.017762,
single_vs_no_rules,legal_set,only_legal_set,no_rules,delta_fail_pos_median,low,0.14,exploratory,0.012987,
single_vs_no_rules,order,only_order,no_rules,delta_fail_pos_mean,low,0.14,exploratory,0.0,
single_vs_no_rules,order,only_order,no_rules,delta_fail_pos_median,low,0.14,exploratory,0.0,
single_vs_no_rules,consistency,only_consistency,no_rules,delta_fail_pos_mean,low,0.14,exploratory,0.376679,
single_vs_no_rules,consistency,only_consistency,no_rules,delta_fail_pos_median,low,0.14,exploratory,0.62013,
single_vs_no_rules,coordinate,only_coordinate,no_rules,delta_fail_pos_mean,low,0.14,exploratory,0.0,
single_vs_no_rules,coordinate,only_coordinate,no_rules,delta_fail_pos_median,low,0.14,exploratory,0.0,
loo_vs_full,legal_set,loo_no_legal_set,full,delta_fail_pos_mean,low,0.14,exploratory,-0.292637,
loo_vs_full,legal_set,loo_no_legal_set,full,delta_fail_pos_median,low,0.14,exploratory,-0.107143,
loo_vs_full,order,loo_no_order,full,delta_fail_pos_mean,low,0.14,exploratory,0.0,
loo_vs_full,order,loo_no_order,full,delta_fail_pos_median,low,0.14,exploratory,0.0,
loo_vs_full,consistency,loo_no_consistency,full,delta_fail_pos_mean,low,0.14,exploratory,-0.651554,
loo_vs_full,consistency,loo_no_consistency,full,delta_fail_pos_median,low,0.14,exploratory,-0.714286,
loo_vs_full,coordinate,loo_no_coordinate,full,delta_fail_pos_mean,low,0.14,exploratory,0.0,
loo_vs_full,coordinate,loo_no_coordinate,full,delta_fail_pos_median,low,0.14,exploratory,0.0,
full_vs_no_rules(supp),all,full,no_rules,delta_fail_pos_mean,low,0.14,exploratory,0.669316,
full_vs_no_rules(supp),all,full,no_rules,delta_fail_pos_median,low,0.14,exploratory,0.727273,
single_vs_no_rules,legal_set,only_legal_set,no_rules,delta_success_rate,medium,0.14,exploratory,0.00225,
single_vs_no_rules,order,only_order,no_rules,delta_success_rate,medium,0.14,exploratory,0.0,
single_vs_no_rules,consistency,only_consistency,no_rules,delta_success_rate,medium,0.14,exploratory,0.265,
single_vs_no_rules,coordinate,only_coordinate,no_rules,delta_success_rate,medium,0.14,exploratory,0.0,
loo_vs_full,legal_set,loo_no_legal_set,full,delta_success_rate,medium,0.14,exploratory,-0.301,
loo_vs_full,order,loo_no_order,full,delta_success_rate,medium,0.14,exploratory,0.0,
loo_vs_full,consistency,loo_no_consistency,full,delta_success_rate,medium,0.14,exploratory,-0.56375,
loo_vs_full,coordinate,loo_no_coordinate,full,delta_success_rate,medium,0.14,exploratory,0.0,
full_vs_no_rules(supp),all,full,no_rules,delta_success_rate,medium,0.14,exploratory,0.566,
single_vs_no_rules,legal_set,only_legal_set,no_rules,delta_fail_pos_mean,medium,0.14,exploratory,0.012503,
single_vs_no_rules,legal_set,only_legal_set,no_rules,delta_fail_pos_median,medium,0.14,exploratory,0.006944,
single_vs_no_rules,order,only_order,no_rules,delta_fail_pos_mean,medium,0.14,exploratory,0.0,
single_vs_no_rules,order,only_order,no_rules,delta_fail_pos_median,medium,0.14,exploratory,0.0,
single_vs_no_rules,consistency,only_consistency,no_rules,delta_fail_pos_mean,medium,0.14,exploratory,0.441926,
single_vs_no_rules,consistency,only_consistency,no_rules,delta_fail_pos_median,medium,0.14,exploratory,0.626645,
single_vs_no_rules,coordinate,only_coordinate,no_rules,delta_fail_pos_mean,medium,0.14,exploratory,0.0,
single_vs_no_rules,coordinate,only_coordinate,no_rules,delta_fail_pos_median,medium,0.14,exploratory,0.0,
loo_vs_full,legal_set,loo_no_legal_set,full,delta_fail_pos_mean,medium,0.14,exploratory,-0.320961,
loo_vs_full,legal_set,loo_no_legal_set,full,delta_fail_pos_median,medium,0.14,exploratory,-0.185855,
loo_vs_full,order,loo_no_order,full,delta_fail_pos_mean,medium,0.14,exploratory,0.0,
loo_vs_full,order,loo_no_order,full,delta_fail_pos_median,medium,0.14,exploratory,0.0,
loo_vs_full,consistency,loo_no_consistency,full,delta_fail_pos_mean,medium,0.14,exploratory,-0.750384,
loo_vs_full,consistency,loo_no_consistency,full,delta_fail_pos_median,medium,0.14,exploratory,-0.805556,
loo_vs_full,coordinate,loo_no_coordinate,full,delta_fail_pos_mean,medium,0.14,exploratory,0.0,
loo_vs_full,coordinate,loo_no_coordinate,full,delta_fail_pos_median,medium,0.14,exploratory,0.0,
full_vs_no_rules(supp),all,full,no_rules,delta_fail_pos_mean,medium,0.14,exploratory,0.762887,
full_vs_no_rules(supp),all,full,no_rules,delta_fail_pos_median,medium,0.14,exploratory,0.8125,
single_vs_no_rules,legal_set,only_legal_set,no_rules,delta_success_rate,high,0.14,exploratory,0.00025,
single_vs_no_rules,order,only_order,no_rules,delta_success_rate,high,0.14,exploratory,0.0,
single_vs_no_rules,consistency,only_consistency,no_rules,delta_success_rate,high,0.14,exploratory,0.14775,
single_vs_no_rules,coordinate,only_coordinate,no_rules,delta_success_rate,high,0.14,exploratory,0.0,
loo_vs_full,legal_set,loo_no_legal_set,full,delta_success_rate,high,0.14,exploratory,-0.3125,
loo_vs_full,order,loo_no_order,full,delta_success_rate,high,0.14,exploratory,0.0,
loo_vs_full,consistency,loo_no_consistency,full,delta_success_rate,high,0.14,exploratory,-0.46,
loo_vs_full,coordinate,loo_no_coordinate,full,delta_success_rate,high,0.14,exploratory,0.0,
full_vs_no_rules(supp),all,full,no_rules,delta_success_rate,high,0.14,exploratory,0.46025,
single_vs_no_rules,legal_set,only_legal_set,no_rules,delta_fail_pos_mean,high,0.14,exploratory,0.006904,
single_vs_no_rules,legal_set,only_legal_set,no_rules,delta_fail_pos_median,high,0.14,exploratory,0.004737,
single_vs_no_rules,order,only_order,no_rules,delta_fail_pos_mean,high,0.14,exploratory,0.0,
single_vs_no_rules,order,only_order,no_rules,delta_fail_pos_median,high,0.14,exploratory,0.0,
single_vs_no_rules,consistency,only_consistency,no_rules,delta_fail_pos_mean,high,0.14,exploratory,0.461468,
single_vs_no_rules,consistency,only_consistency,no_rules,delta_fail_pos_median,high,0.14,exploratory,0.498185,
single_vs_no_rules,coordinate,only_coordinate,no_rules,delta_fail_pos_mean,high,0.14,exploratory,0.0,
single_vs_no_rules,coordinate,only_coordinate,no_rules,delta_fail_pos_median,high,0.14,exploratory,0.0,
loo_vs_full,legal_set,loo_no_legal_set,full,delta_fail_pos_mean,high,0.14,exploratory,-0.400032,
loo_vs_full,legal_set,loo_no_legal_set,full,delta_fail_pos_median,high,0.14,exploratory,-0.396552,
loo_vs_full,order,loo_no_order,full,delta_fail_pos_mean,high,0.14,exploratory,0.0,
loo_vs_full,order,loo_no_order,full,delta_fail_pos_median,high,0.14,exploratory,0.0,
loo_vs_full,consistency,loo_no_consistency,full,delta_fail_pos_mean,high,0.14,exploratory,-0.854596,
loo_vs_full,consistency,loo_no_consistency,full,delta_fail_pos_median,high,0.14,exploratory,-0.89,
loo_vs_full,coordinate,loo_no_coordinate,full,delta_fail_pos_mean,high,0.14,exploratory,0.0,
loo_vs_full,coordinate,loo_no_coordinate,full,delta_fail_pos_median,high,0.14,exploratory,0.0,
full_vs_no_rules(supp),all,full,no_rules,delta_fail_pos_mean,high,0.14,exploratory,0.8615,
full_vs_no_rules(supp),all,full,no_rules,delta_fail_pos_median,high,0.14,exploratory,0.894737,
single_vs_no_rules,legal_set,only_legal_set,no_rules,delta_success_rate,pooled,0.14,exploratory,0.003083,
single_vs_no_rules,order,only_order,no_rules,delta_success_rate,pooled,0.14,exploratory,0.0,
single_vs_no_rules,consistency,only_consistency,no_rules,delta_success_rate,pooled,0.14,exploratory,0.252083,
single_vs_no_rules,coordinate,only_coordinate,no_rules,delta_success_rate,pooled,0.14,exploratory,0.0,
loo_vs_full,legal_set,loo_no_legal_set,full,delta_success_rate,pooled,0.14,exploratory,-0.297833,
loo_vs_full,order,loo_no_order,full,delta_success_rate,pooled,0.14,exploratory,0.0,
loo_vs_full,consistency,loo_no_consistency,full,delta_success_rate,pooled,0.14,exploratory,-0.546833,
loo_vs_full,coordinate,loo_no_coordinate,full,delta_success_rate,pooled,0.14,exploratory,0.0,
full_vs_no_rules(supp),all,full,no_rules,delta_success_rate,pooled,0.14,exploratory,0.549917,
single_vs_no_rules,legal_set,only_legal_set,no_rules,delta_fail_pos_mean,pooled,0.14,exploratory,0.012118,
single_vs_no_rules,legal_set,only_legal_set,no_rules,delta_fail_pos_median,pooled,0.14,exploratory,0.006818,
single_vs_no_rules,order,only_order,no_rules,delta_fail_pos_mean,pooled,0.14,exploratory,0.0,
single_vs_no_rules,order,only_order,no_rules,delta_fail_pos_median,pooled,0.14,exploratory,0.0,
single_vs_no_rules,consistency,only_consistency,no_rules,delta_fail_pos_mean,pooled,0.14,exploratory,0.422044,
single_vs_no_rules,consistency,only_consistency,no_rules,delta_fail_pos_median,pooled,0.14,exploratory,0.592262,
single_vs_no_rules,coordinate,only_coordinate,no_rules,delta_fail_pos_mean,pooled,0.14,exploratory,0.0,
single_vs_no_rules,coordinate,only_coordinate,no_rules,delta_fail_pos_median,pooled,0.14,exploratory,0.0,
loo_vs_full,legal_set,loo_no_legal_set,full,delta_fail_pos_mean,pooled,0.14,exploratory,-0.343354,
loo_vs_full,legal_set,loo_no_legal_set,full,delta_fail_pos_median,pooled,0.14,exploratory,-0.232738,
loo_vs_full,order,loo_no_order,full,delta_fail_pos_mean,pooled,0.14,exploratory,0.0,
loo_vs_full,order,loo_no_order,full,delta_fail_pos_median,pooled,0.14,exploratory,0.0,
loo_vs_full,consistency,loo_no_consistency,full,delta_fail_pos_mean,pooled,0.14,exploratory,-0.75328,
loo_vs_full,consistency,loo_no_consistency,full,delta_fail_pos_median,pooled,0.14,exploratory,-0.818182,
loo_vs_full,coordinate,loo_no_coordinate,full,delta_fail_pos_mean,pooled,0.14,exploratory,0.0,
loo_vs_full,coordinate,loo_no_coordinate,full,delta_fail_pos_median,pooled,0.14,exploratory,0.0,
full_vs_no_rules(supp),all,full,no_rules,delta_fail_pos_mean,pooled,0.14,exploratory,0.765398,
full_vs_no_rules(supp),all,full,no_rules,delta_fail_pos_median,pooled,0.14,exploratory,0.825,
single_vs_no_rules,legal_set,only_legal_set,no_rules,delta_success_rate,low,0.18,exploratory,0.0025,
single_vs_no_rules,order,only_order,no_rules,delta_success_rate,low,0.18,exploratory,0.0,
single_vs_no_rules,consistency,only_consistency,no_rules,delta_success_rate,low,0.18,exploratory,0.28775,
single_vs_no_rules,coordinate,only_coordinate,no_rules,delta_success_rate,low,0.18,exploratory,0.0,
loo_vs_full,legal_set,loo_no_legal_set,full,delta_success_rate,low,0.18,exploratory,-0.305,
loo_vs_full,order,loo_no_order,full,delta_success_rate,low,0.18,exploratory,0.0,
loo_vs_full,consistency,loo_no_consistency,full,delta_success_rate,low,0.18,exploratory,-0.59025,
loo_vs_full,coordinate,loo_no_coordinate,full,delta_success_rate,low,0.18,exploratory,0.0,
full_vs_no_rules(supp),all,full,no_rules,delta_success_rate,low,0.18,exploratory,0.59275,
single_vs_no_rules,legal_set,only_legal_set,no_rules,delta_fail_pos_mean,low,0.18,exploratory,0.019269,
single_vs_no_rules,legal_set,only_legal_set,no_rules,delta_fail_pos_median,low,0.18,exploratory,0.0,
single_vs_no_rules,order,only_order,no_rules,delta_fail_pos_mean,low,0.18,exploratory,0.0,
single_vs_no_rules,order,only_order,no_rules,delta_fail_pos_median,low,0.18,exploratory,0.0,
single_vs_no_rules,consistency,only_consistency,no_rules,delta_fail_pos_mean,low,0.18,exploratory,0.398869,
single_vs_no_rules,consistency,only_consistency,no_rules,delta_fail_pos_median,low,0.18,exploratory,0.619318,
single_vs_no_rules,coordinate,only_coordinate,no_rules,delta_fail_pos_mean,low,0.18,exploratory,0.0,
single_vs_no_rules,coordinate,only_coordinate,no_rules,delta_fail_pos_median,low,0.18,exploratory,0.0,
loo_vs_full,legal_set,loo_no_legal_set,full,delta_fail_pos_mean,low,0.18,exploratory,-0.31558,
loo_vs_full,legal_set,loo_no_legal_set,full,delta_fail_pos_median,low,0.18,exploratory,-0.130682,
loo_vs_full,order,loo_no_order,full,delta_fail_pos_mean,low,0.18,exploratory,0.0,
loo_vs_full,order,loo_no_order,full,delta_fail_pos_median,low,0.18,exploratory,0.0,
loo_vs_full,consistency,loo_no_consistency,full,delta_fail_pos_mean,low,0.18,exploratory,-0.69518,
loo_vs_full,consistency,loo_no_consistency,full,delta_fail_pos_median,low,0.18,exploratory,-0.75,
loo_vs_full,coordinate,loo_no_coordinate,full,delta_fail_pos_mean,low,0.18,exploratory,0.0,
loo_vs_full,coordinate,loo_no_coordinate,full,delta_fail_pos_median,low,0.18,exploratory,0.0,
full_vs_no_rules(supp),all,full,no_rules,delta_fail_pos_mean,low,0.18,exploratory,0.714449,
full_vs_no_rules(supp),all,full,no_rules,delta_fail_pos_median,low,0.18,exploratory,0.75,
single_vs_no_rules,legal_set,only_legal_set,no_rules,delta_success_rate,medium,0.18,exploratory,0.00125,
single_vs_no_rules,order,only_order,no_rules,delta_success_rate,medium,0.18,exploratory,0.0,
single_vs_no_rules,consistency,only_consistency,no_rules,delta_success_rate,medium,0.18,exploratory,0.21625,
single_vs_no_rules,coordinate,only_coordinate,no_rules,delta_success_rate,medium,0.18,exploratory,0.0,
loo_vs_full,legal_set,loo_no_legal_set,full,delta_success_rate,medium,0.18,exploratory,-0.30375,
loo_vs_full,order,loo_no_order,full,delta_success_rate,medium,0.18,exploratory,0.0,
loo_vs_full,consistency,loo_no_consistency,full,delta_success_rate,medium,0.18,exploratory,-0.51875,
loo_vs_full,coordinate,loo_no_coordinate,full,delta_success_rate,medium,0.18,exploratory,0.0,
full_vs_no_rules(supp),all,full,no_rules,delta_success_rate,medium,0.18,exploratory,0.52,
single_vs_no_rules,legal_set,only_legal_set,no_rules,delta_fail_pos_mean,medium,0.18,exploratory,0.012177,
single_vs_no_rules,legal_set,only_legal_set,no_rules,delta_fail_pos_median,medium,0.18,exploratory,0.010417,
single_vs_no_rules,order,only_order,no_rules,delta_fail_pos_mean,medium,0.18,exploratory,0.0,
single_vs_no_rules,order,only_order,no_rules,delta_fail_pos_median,medium,0.18,exploratory,0.0,
single_vs_no_rules,consistency,only_consistency,no_rules,delta_fail_pos_mean,medium,0.18,exploratory,0.448905,
single_vs_no_rules,consistency,only_consistency,no_rules,delta_fail_pos_median,medium,0.18,exploratory,0.555288,
single_vs_no_rules,coordinate,only_coordinate,no_rules,delta_fail_pos_mean,medium,0.18,exploratory,0.0,
single_vs_no_rules,coordinate,only_coordinate,no_rules,delta_fail_pos_median,medium,0.18,exploratory,0.0,
loo_vs_full,legal_set,loo_no_legal_set,full,delta_fail_pos_mean,medium,0.18,exploratory,-0.351567,
loo_vs_full,legal_set,loo_no_legal_set,full,delta_fail_pos_median,medium,0.18,exploratory,-0.288462,
loo_vs_full,order,loo_no_order,full,delta_fail_pos_mean,medium,0.18,exploratory,0.0,
loo_vs_full,order,loo_no_order,full,delta_fail_pos_median,medium,0.18,exploratory,0.0,
loo_vs_full,consistency,loo_no_consistency,full,delta_fail_pos_mean,medium,0.18,exploratory,-0.788295,
loo_vs_full,consistency,loo_no_consistency,full,delta_fail_pos_median,medium,0.18,exploratory,-0.833333,
loo_vs_full,coordinate,loo_no_coordinate,full,delta_fail_pos_mean,medium,0.18,exploratory,0.0,
loo_vs_full,coordinate,loo_no_coordinate,full,delta_fail_pos_median,medium,0.18,exploratory,0.0,
full_vs_no_rules(supp),all,full,no_rules,delta_fail_pos_mean,medium,0.18,exploratory,0.800472,
full_vs_no_rules(supp),all,full,no_rules,delta_fail_pos_median,medium,0.18,exploratory,0.84375,
single_vs_no_rules,legal_set,only_legal_set,no_rules,delta_success_rate,high,0.18,exploratory,0.0,
single_vs_no_rules,order,only_order,no_rules,delta_success_rate,high,0.18,exploratory,0.0,
single_vs_no_rules,consistency,only_consistency,no_rules,delta_success_rate,high,0.18,exploratory,0.109,
single_vs_no_rules,coordinate,only_coordinate,no_rules,delta_success_rate,high,0.18,exploratory,0.0,
loo_vs_full,legal_set,loo_no_legal_set,full,delta_success_rate,high,0.18,exploratory,-0.3095,
loo_vs_full,order,loo_no_order,full,delta_success_rate,high,0.18,exploratory,0.0,
loo_vs_full,consistency,loo_no_consistency,full,delta_success_rate,high,0.18,exploratory,-0.4185,
loo_vs_full,coordinate,loo_no_coordinate,full,delta_success_rate,high,0.18,exploratory,0.0,
full_vs_no_rules(supp),all,full,no_rules,delta_success_rate,high,0.18,exploratory,0.4185,
single_vs_no_rules,legal_set,only_legal_set,no_rules,delta_fail_pos_mean,high,0.18,exploratory,0.00627,
single_vs_no_rules,legal_set,only_legal_set,no_rules,delta_fail_pos_median,high,0.18,exploratory,0.005952,
single_vs_no_rules,order,only_order,no_rules,delta_fail_pos_mean,high,0.18,exploratory,0.0,
single_vs_no_rules,order,only_order,no_rules,delta_fail_pos_median,high,0.18,exploratory,0.0,
single_vs_no_rules,consistency,only_consistency,no_rules,delta_fail_pos_mean,high,0.18,exploratory,0.452986,
single_vs_no_rules,consistency,only_consistency,no_rules,delta_fail_pos_median,high,0.18,exploratory,0.444805,
single_vs_no_rules,coordinate,only_coordinate,no_rules,delta_fail_pos_mean,high,0.18,exploratory,0.0,
single_vs_no_rules,coordinate,only_coordinate,no_rules,delta_fail_pos_median,high,0.18,exploratory,0.0,
loo_vs_full,legal_set,loo_no_legal_set,full,delta_fail_pos_mean,high,0.18,exploratory,-0.430536,
loo_vs_full,legal_set,loo_no_legal_set,full,delta_fail_pos_median,high,0.18,exploratory,-0.465909,
loo_vs_full,order,loo_no_order,full,delta_fail_pos_mean,high,0.18,exploratory,0.0,
loo_vs_full,order,loo_no_order,full,delta_fail_pos_median,high,0.18,exploratory,0.0,
loo_vs_full,consistency,loo_no_consistency,full,delta_fail_pos_mean,high,0.18,exploratory,-0.877252,
loo_vs_full,consistency,loo_no_consistency,full,delta_fail_pos_median,high,0.18,exploratory,-0.904762,
loo_vs_full,coordinate,loo_no_coordinate,full,delta_fail_pos_mean,high,0.18,exploratory,0.0,
loo_vs_full,coordinate,loo_no_coordinate,full,delta_fail_pos_median,high,0.18,exploratory,0.0,
full_vs_no_rules(supp),all,full,no_rules,delta_fail_pos_mean,high,0.18,exploratory,0.883522,
full_vs_no_rules(supp),all,full,no_rules,delta_fail_pos_median,high,0.18,exploratory,0.910714,
single_vs_no_rules,legal_set,only_legal_set,no_rules,delta_success_rate,pooled,0.18,exploratory,0.00125,
single_vs_no_rules,order,only_order,no_rules,delta_success_rate,pooled,0.18,exploratory,0.0,
single_vs_no_rules,consistency,only_consistency,no_rules,delta_success_rate,pooled,0.18,exploratory,0.204333,
single_vs_no_rules,coordinate,only_coordinate,no_rules,delta_success_rate,pooled,0.18,exploratory,0.0,
loo_vs_full,legal_set,loo_no_legal_set,full,delta_success_rate,pooled,0.18,exploratory,-0.306083,
loo_vs_full,order,loo_no_order,full,delta_success_rate,pooled,0.18,exploratory,0.0,
loo_vs_full,consistency,loo_no_consistency,full,delta_success_rate,pooled,0.18,exploratory,-0.509167,
loo_vs_full,coordinate,loo_no_coordinate,full,delta_success_rate,pooled,0.18,exploratory,0.0,
full_vs_no_rules(supp),all,full,no_rules,delta_success_rate,pooled,0.18,exploratory,0.510417,
single_vs_no_rules,legal_set,only_legal_set,no_rules,delta_fail_pos_mean,pooled,0.18,exploratory,0.012479,
single_vs_no_rules,legal_set,only_legal_set,no_rules,delta_fail_pos_median,pooled,0.18,exploratory,0.007895,
single_vs_no_rules,order,only_order,no_rules,delta_fail_pos_mean,pooled,0.18,exploratory,0.0,
single_vs_no_rules,order,only_order,no_rules,delta_fail_pos_median,pooled,0.18,exploratory,0.0,
single_vs_no_rules,consistency,only_consistency,no_rules,delta_fail_pos_mean,pooled,0.18,exploratory,0.429205,
single_vs_no_rules,consistency,only_consistency,no_rules,delta_fail_pos_median,pooled,0.18,exploratory,0.522414,
single_vs_no_rules,coordinate,only_coordinate,no_rules,delta_fail_pos_mean,pooled,0.18,exploratory,0.0,
single_vs_no_rules,coordinate,only_coordinate,no_rules,delta_fail_pos_median,pooled,0.18,exploratory,0.0,
loo_vs_full,legal_set,loo_no_legal_set,full,delta_fail_pos_mean,pooled,0.18,exploratory,-0.370496,
loo_vs_full,legal_set,loo_no_legal_set,full,delta_fail_pos_median,pooled,0.18,exploratory,-0.327586,
loo_vs_full,order,loo_no_order,full,delta_fail_pos_mean,pooled,0.18,exploratory,0.0,
loo_vs_full,order,loo_no_order,full,delta_fail_pos_median,pooled,0.18,exploratory,0.0,
loo_vs_full,consistency,loo_no_consistency,full,delta_fail_pos_mean,pooled,0.18,exploratory,-0.787222,
loo_vs_full,consistency,loo_no_consistency,full,delta_fail_pos_median,pooled,0.18,exploratory,-0.842105,
loo_vs_full,coordinate,loo_no_coordinate,full,delta_fail_pos_mean,pooled,0.18,exploratory,0.0,
loo_vs_full,coordinate,loo_no_coordinate,full,delta_fail_pos_median,pooled,0.18,exploratory,0.0,
full_vs_no_rules(supp),all,full,no_rules,delta_fail_pos_mean,pooled,0.18,exploratory,0.799701,
full_vs_no_rules(supp),all,full,no_rules,delta_fail_pos_median,pooled,0.18,exploratory,0.85,
single_vs_no_rules,legal_set,only_legal_set,no_rules,delta_success_rate,low,0.22,exploratory,0.001,
single_vs_no_rules,order,only_order,no_rules,delta_success_rate,low,0.22,exploratory,0.0,
single_vs_no_rules,consistency,only_consistency,no_rules,delta_success_rate,low,0.22,exploratory,0.24025,
single_vs_no_rules,coordinate,only_coordinate,no_rules,delta_success_rate,low,0.22,exploratory,0.0,
loo_vs_full,legal_set,loo_no_legal_set,full,delta_success_rate,low,0.22,exploratory,-0.31175,
loo_vs_full,order,loo_no_order,full,delta_success_rate,low,0.22,exploratory,0.0,
loo_vs_full,consistency,loo_no_consistency,full,delta_success_rate,low,0.22,exploratory,-0.551,
loo_vs_full,coordinate,loo_no_coordinate,full,delta_success_rate,low,0.22,exploratory,0.0,
full_vs_no_rules(supp),all,full,no_rules,delta_success_rate,low,0.22,exploratory,0.552,
single_vs_no_rules,legal_set,only_legal_set,no_rules,delta_fail_pos_mean,low,0.22,exploratory,0.019057,
single_vs_no_rules,legal_set,only_legal_set,no_rules,delta_fail_pos_median,low,0.22,exploratory,0.0,
single_vs_no_rules,order,only_order,no_rules,delta_fail_pos_mean,low,0.22,exploratory,0.0,
single_vs_no_rules,order,only_order,no_rules,delta_fail_pos_median,low,0.22,exploratory,0.0,
single_vs_no_rules,consistency,only_consistency,no_rules,delta_fail_pos_mean,low,0.22,exploratory,0.420875,
single_vs_no_rules,consistency,only_consistency,no_rules,delta_fail_pos_median,low,0.22,exploratory,0.635714,
single_vs_no_rules,coordinate,only_coordinate,no_rules,delta_fail_pos_mean,low,0.22,exploratory,0.0,
single_vs_no_rules,coordinate,only_coordinate,no_rules,delta_fail_pos_median,low,0.22,exploratory,0.0,
loo_vs_full,legal_set,loo_no_legal_set,full,delta_fail_pos_mean,low,0.22,exploratory,-0.32711,
loo_vs_full,legal_set,loo_no_legal_set,full,delta_fail_pos_median,low,0.22,exploratory,-0.15,
loo_vs_full,order,loo_no_order,full,delta_fail_pos_mean,low,0.22,exploratory,0.0,
loo_vs_full,order,loo_no_order,full,delta_fail_pos_median,low,0.22,exploratory,0.0,
loo_vs_full,consistency,loo_no_consistency,full,delta_fail_pos_mean,low,0.22,exploratory,-0.728928,
loo_vs_full,consistency,loo_no_consistency,full,delta_fail_pos_median,low,0.22,exploratory,-0.785714,
loo_vs_full,coordinate,loo_no_coordinate,full,delta_fail_pos_mean,low,0.22,exploratory,0.0,
loo_vs_full,coordinate,loo_no_coordinate,full,delta_fail_pos_median,low,0.22,exploratory,0.0,
full_vs_no_rules(supp),all,full,no_rules,delta_fail_pos_mean,low,0.22,exploratory,0.747985,
full_vs_no_rules(supp),all,full,no_rules,delta_fail_pos_median,low,0.22,exploratory,0.785714,
single_vs_no_rules,legal_set,only_legal_set,no_rules,delta_success_rate,medium,0.22,exploratory,0.0005,
single_vs_no_rules,order,only_order,no_rules,delta_success_rate,medium,0.22,exploratory,0.0,
single_vs_no_rules,consistency,only_consistency,no_rules,delta_success_rate,medium,0.22,exploratory,0.17125,
single_vs_no_rules,coordinate,only_coordinate,no_rules,delta_success_rate,medium,0.22,exploratory,0.0,
loo_vs_full,legal_set,loo_no_legal_set,full,delta_success_rate,medium,0.22,exploratory,-0.306,
loo_vs_full,order,loo_no_order,full,delta_success_rate,medium,0.22,exploratory,0.0,
loo_vs_full,consistency,loo_no_consistency,full,delta_success_rate,medium,0.22,exploratory,-0.47675,
loo_vs_full,coordinate,loo_no_coordinate,full,delta_success_rate,medium,0.22,exploratory,0.0,
full_vs_no_rules(supp),all,full,no_rules,delta_success_rate,medium,0.22,exploratory,0.47725,
single_vs_no_rules,legal_set,only_legal_set,no_rules,delta_fail_pos_mean,medium,0.22,exploratory,0.012188,
single_vs_no_rules,legal_set,only_legal_set,no_rules,delta_fail_pos_median,medium,0.22,exploratory,0.011111,
single_vs_no_rules,order,only_order,no_rules,delta_fail_pos_mean,medium,0.22,exploratory,0.0,
single_vs_no_rules,order,only_order,no_rules,delta_fail_pos_median,medium,0.22,exploratory,0.0,
single_vs_no_rules,consistency,only_consistency,no_rules,delta_fail_pos_mean,medium,0.22,exploratory,0.453337,
single_vs_no_rules,consistency,only_consistency,no_rules,delta_fail_pos_median,medium,0.22,exploratory,0.520202,
single_vs_no_rules,coordinate,only_coordinate,no_rules,delta_fail_pos_mean,medium,0.22,exploratory,0.0,
single_vs_no_rules,coordinate,only_coordinate,no_rules,delta_fail_pos_median,medium,0.22,exploratory,0.0,
loo_vs_full,legal_set,loo_no_legal_set,full,delta_fail_pos_mean,medium,0.22,exploratory,-0.373074,
loo_vs_full,legal_set,loo_no_legal_set,full,delta_fail_pos_median,medium,0.22,exploratory,-0.340909,
loo_vs_full,order,loo_no_order,full,delta_fail_pos_mean,medium,0.22,exploratory,0.0,
loo_vs_full,order,loo_no_order,full,delta_fail_pos_median,medium,0.22,exploratory,0.0,
loo_vs_full,consistency,loo_no_consistency,full,delta_fail_pos_mean,medium,0.22,exploratory,-0.814223,
loo_vs_full,consistency,loo_no_consistency,full,delta_fail_pos_median,medium,0.22,exploratory,-0.85,
loo_vs_full,coordinate,loo_no_coordinate,full,delta_fail_pos_mean,medium,0.22,exploratory,0.0,
loo_vs_full,coordinate,loo_no_coordinate,full,delta_fail_pos_median,medium,0.22,exploratory,0.0,
full_vs_no_rules(supp),all,full,no_rules,delta_fail_pos_mean,medium,0.22,exploratory,0.826411,
full_vs_no_rules(supp),all,full,no_rules,delta_fail_pos_median,medium,0.22,exploratory,0.861111,
single_vs_no_rules,legal_set,only_legal_set,no_rules,delta_success_rate,high,0.22,exploratory,0.0,
single_vs_no_rules,order,only_order,no_rules,delta_success_rate,high,0.22,exploratory,0.0,
single_vs_no_rules,consistency,only_consistency,no_rules,delta_success_rate,high,0.22,exploratory,0.0885,
single_vs_no_rules,coordinate,only_coordinate,no_rules,delta_success_rate,high,0.22,exploratory,0.0,
loo_vs_full,legal_set,loo_no_legal_set,full,delta_success_rate,high,0.22,exploratory,-0.2935,
loo_vs_full,order,loo_no_order,full,delta_success_rate,high,0.22,exploratory,0.0,
loo_vs_full,consistency,loo_no_consistency,full,delta_success_rate,high,0.22,exploratory,-0.382,
loo_vs_full,coordinate,loo_no_coordinate,full,delta_success_rate,high,0.22,exploratory,0.0,
full_vs_no_rules(supp),all,full,no_rules,delta_success_rate,high,0.22,exploratory,0.382,
single_vs_no_rules,legal_set,only_legal_set,no_rules,delta_fail_pos_mean,high,0.22,exploratory,0.006592,
single_vs_no_rules,legal_set,only_legal_set,no_rules,delta_fail_pos_median,high,0.22,exploratory,0.004386,
single_vs_no_rules,order,only_order,no_rules,delta_fail_pos_mean,high,0.22,exploratory,0.0,
single_vs_no_rules,order,only_order,no_rules,delta_fail_pos_median,high,0.22,exploratory,0.0,
single_vs_no_rules,consistency,only_consistency,no_rules,delta_fail_pos_mean,high,0.22,exploratory,0.444215,
single_vs_no_rules,consistency,only_consistency,no_rules,delta_fail_pos_median,high,0.22,exploratory,0.385339,
single_vs_no_rules,coordinate,only_coordinate,no_rules,delta_fail_pos_mean,high,0.22,exploratory,0.0,
single_vs_no_rules,coordinate,only_coordinate,no_rules,delta_fail_pos_median,high,0.22,exploratory,0.0,
loo_vs_full,legal_set,loo_no_legal_set,full,delta_fail_pos_mean,high,0.22,exploratory,-0.455899,
loo_vs_full,legal_set,loo_no_legal_set,full,delta_fail_pos_median,high,0.22,exploratory,-0.535714,
loo_vs_full,order,loo_no_order,full,delta_fail_pos_mean,high,0.22,exploratory,0.0,
loo_vs_full,order,loo_no_order,full,delta_fail_pos_median,high,0.22,exploratory,0.0,
loo_vs_full,consistency,loo_no_consistency,full,delta_fail_pos_mean,high,0.22,exploratory,-0.893522,
loo_vs_full,consistency,loo_no_consistency,full,delta_fail_pos_median,high,0.22,exploratory,-0.916667,
loo_vs_full,coordinate,loo_no_coordinate,full,delta_fail_pos_mean,high,0.22,exploratory,0.0,
loo_vs_full,coordinate,loo_no_coordinate,full,delta_fail_pos_median,high,0.22,exploratory,0.0,
full_vs_no_rules(supp),all,full,no_rules,delta_fail_pos_mean,high,0.22,exploratory,0.900114,
full_vs_no_rules(supp),all,full,no_rules,delta_fail_pos_median,high,0.22,exploratory,0.921053,
single_vs_no_rules,legal_set,only_legal_set,no_rules,delta_success_rate,pooled,0.22,exploratory,0.0005,
single_vs_no_rules,order,only_order,no_rules,delta_success_rate,pooled,0.22,exploratory,0.0,
single_vs_no_rules,consistency,only_consistency,no_rules,delta_success_rate,pooled,0.22,exploratory,0.166667,
single_vs_no_rules,coordinate,only_coordinate,no_rules,delta_success_rate,pooled,0.22,exploratory,0.0,
loo_vs_full,legal_set,loo_no_legal_set,full,delta_success_rate,pooled,0.22,exploratory,-0.30375,
loo_vs_full,order,loo_no_order,full,delta_success_rate,pooled,0.22,exploratory,0.0,
loo_vs_full,consistency,loo_no_consistency,full,delta_success_rate,pooled,0.22,exploratory,-0.469917,
loo_vs_full,coordinate,loo_no_coordinate,full,delta_success_rate,pooled,0.22,exploratory,0.0,
full_vs_no_rules(supp),all,full,no_rules,delta_success_rate,pooled,0.22,exploratory,0.470417,
single_vs_no_rules,legal_set,only_legal_set,no_rules,delta_fail_pos_mean,pooled,0.22,exploratory,0.012579,
single_vs_no_rules,legal_set,only_legal_set,no_rules,delta_fail_pos_median,pooled,0.22,exploratory,0.006493,
single_vs_no_rules,order,only_order,no_rules,delta_fail_pos_mean,pooled,0.22,exploratory,0.0,
single_vs_no_rules,order,only_order,no_rules,delta_fail_pos_median,pooled,0.22,exploratory,0.0,
single_vs_no_rules,consistency,only_consistency,no_rules,delta_fail_pos_mean,pooled,0.22,exploratory,0.43553,
single_vs_no_rules,consistency,only_consistency,no_rules,delta_fail_pos_median,pooled,0.22,exploratory,0.473323,
single_vs_no_rules,coordinate,only_coordinate,no_rules,delta_fail_pos_mean,pooled,0.22,exploratory,0.0,
single_vs_no_rules,coordinate,only_coordinate,no_rules,delta_fail_pos_median,pooled,0.22,exploratory,0.0,
loo_vs_full,legal_set,loo_no_legal_set,full,delta_fail_pos_mean,pooled,0.22,exploratory,-0.389377,
loo_vs_full,legal_set,loo_no_legal_set,full,delta_fail_pos_median,pooled,0.22,exploratory,-0.390313,
loo_vs_full,order,loo_no_order,full,delta_fail_pos_mean,pooled,0.22,exploratory,0.0,
loo_vs_full,order,loo_no_order,full,delta_fail_pos_median,pooled,0.22,exploratory,0.0,
loo_vs_full,consistency,loo_no_consistency,full,delta_fail_pos_mean,pooled,0.22,exploratory,-0.812328,
loo_vs_full,consistency,loo_no_consistency,full,delta_fail_pos_median,pooled,0.22,exploratory,-0.857143,
loo_vs_full,coordinate,loo_no_coordinate,full,delta_fail_pos_mean,pooled,0.22,exploratory,0.0,
loo_vs_full,coordinate,loo_no_coordinate,full,delta_fail_pos_median,pooled,0.22,exploratory,0.0,
full_vs_no_rules(supp),all,full,no_rules,delta_fail_pos_mean,pooled,0.22,exploratory,0.824907,
full_vs_no_rules(supp),all,full,no_rules,delta_fail_pos_median,pooled,0.22,exploratory,0.863636,
single_vs_no_rules,legal_set,only_legal_set,no_rules,delta_success_rate,low,0.26,exploratory,0.00025,
single_vs_no_rules,order,only_order,no_rules,delta_success_rate,low,0.26,exploratory,0.0,
single_vs_no_rules,consistency,only_consistency,no_rules,delta_success_rate,low,0.26,exploratory,0.19975,
single_vs_no_rules,coordinate,only_coordinate,no_rules,delta_success_rate,low,0.26,exploratory,0.0,
loo_vs_full,legal_set,loo_no_legal_set,full,delta_success_rate,low,0.26,exploratory,-0.31975,
loo_vs_full,order,loo_no_order,full,delta_success_rate,low,0.26,exploratory,0.0,
loo_vs_full,consistency,loo_no_consistency,full,delta_success_rate,low,0.26,exploratory,-0.51925,
loo_vs_full,coordinate,loo_no_coordinate,full,delta_success_rate,low,0.26,exploratory,0.0,
full_vs_no_rules(supp),all,full,no_rules,delta_success_rate,low,0.26,exploratory,0.5195,
single_vs_no_rules,legal_set,only_legal_set,no_rules,delta_fail_pos_mean,low,0.26,exploratory,0.020226,
single_vs_no_rules,legal_set,only_legal_set,no_rules,delta_fail_pos_median,low,0.26,exploratory,0.010526,
single_vs_no_rules,order,only_order,no_rules,delta_fail_pos_mean,low,0.26,exploratory,0.0,
single_vs_no_rules,order,only_order,no_rules,delta_fail_pos_median,low,0.26,exploratory,0.0,
single_vs_no_rules,consistency,only_consistency,no_rules,delta_fail_pos_mean,low,0.26,exploratory,0.426484,
single_vs_no_rules,consistency,only_consistency,no_rules,delta_fail_pos_median,low,0.26,exploratory,0.55,
single_vs_no_rules,coordinate,only_coordinate,no_rules,delta_fail_pos_mean,low,0.26,exploratory,0.0,
single_vs_no_rules,coordinate,only_coordinate,no_rules,delta_fail_pos_median,low,0.26,exploratory,0.0,
loo_vs_full,legal_set,loo_no_legal_set,full,delta_fail_pos_mean,low,0.26,exploratory,-0.34623,
loo_vs_full,legal_set,loo_no_legal_set,full,delta_fail_pos_median,low,0.26,exploratory,-0.25,
loo_vs_full,order,loo_no_order,full,delta_fail_pos_mean,low,0.26,exploratory,0.0,
loo_vs_full,order,loo_no_order,full,delta_fail_pos_median,low,0.26,exploratory,0.0,
loo_vs_full,consistency,loo_no_consistency,full,delta_fail_pos_mean,low,0.26,exploratory,-0.752488,
loo_vs_full,consistency,loo_no_consistency,full,delta_fail_pos_median,low,0.26,exploratory,-0.789474,
loo_vs_full,coordinate,loo_no_coordinate,full,delta_fail_pos_mean,low,0.26,exploratory,0.0,
loo_vs_full,coordinate,loo_no_coordinate,full,delta_fail_pos_median,low,0.26,exploratory,0.0,
full_vs_no_rules(supp),all,full,no_rules,delta_fail_pos_mean,low,0.26,exploratory,0.772714,
full_vs_no_rules(supp),all,full,no_rules,delta_fail_pos_median,low,0.26,exploratory,0.8,
single_vs_no_rules,legal_set,only_legal_set,no_rules,delta_success_rate,medium,0.26,exploratory,0.0,
single_vs_no_rules,order,only_order,no_rules,delta_success_rate,medium,0.26,exploratory,0.0,
single_vs_no_rules,consistency,only_consistency,no_rules,delta_success_rate,medium,0.26,exploratory,0.149,
single_vs_no_rules,coordinate,only_coordinate,no_rules,delta_success_rate,medium,0.26,exploratory,0.0,
loo_vs_full,legal_set,loo_no_legal_set,full,delta_success_rate,medium,0.26,exploratory,-0.30325,
loo_vs_full,order,loo_no_order,full,delta_success_rate,medium,0.26,exploratory,0.0,
loo_vs_full,consistency,loo_no_consistency,full,delta_success_rate,medium,0.26,exploratory,-0.45225,
loo_vs_full,coordinate,loo_no_coordinate,full,delta_success_rate,medium,0.26,exploratory,0.0,
full_vs_no_rules(supp),all,full,no_rules,delta_success_rate,medium,0.26,exploratory,0.45225,
single_vs_no_rules,legal_set,only_legal_set,no_rules,delta_fail_pos_mean,medium,0.26,exploratory,0.011601,
single_vs_no_rules,legal_set,only_legal_set,no_rules,delta_fail_pos_median,medium,0.26,exploratory,0.004785,
single_vs_no_rules,order,only_order,no_rules,delta_fail_pos_mean,medium,0.26,exploratory,0.0,
single_vs_no_rules,order,only_order,no_rules,delta_fail_pos_median,medium,0.26,exploratory,0.0,
single_vs_no_rules,consistency,only_consistency,no_rules,delta_fail_pos_mean,medium,0.26,exploratory,0.448445,
single_vs_no_rules,consistency,only_consistency,no_rules,delta_fail_pos_median,medium,0.26,exploratory,0.473684,
single_vs_no_rules,coordinate,only_coordinate,no_rules,delta_fail_pos_mean,medium,0.26,exploratory,0.0,
single_vs_no_rules,coordinate,only_coordinate,no_rules,delta_fail_pos_median,medium,0.26,exploratory,0.0,
loo_vs_full,legal_set,loo_no_legal_set,full,delta_fail_pos_mean,medium,0.26,exploratory,-0.394439,
loo_vs_full,legal_set,loo_no_legal_set,full,delta_fail_pos_median,medium,0.26,exploratory,-0.394737,
loo_vs_full,order,loo_no_order,full,delta_fail_pos_mean,medium,0.26,exploratory,0.0,
loo_vs_full,order,loo_no_order,full,delta_fail_pos_median,medium,0.26,exploratory,0.0,
loo_vs_full,consistency,loo_no_consistency,full,delta_fail_pos_mean,medium,0.26,exploratory,-0.831283,
loo_vs_full,consistency,loo_no_consistency,full,delta_fail_pos_median,medium,0.26,exploratory,-0.863636,
loo_vs_full,coordinate,loo_no_coordinate,full,delta_fail_pos_mean,medium,0.26,exploratory,0.0,
loo_vs_full,coordinate,loo_no_coordinate,full,delta_fail_pos_median,medium,0.26,exploratory,0.0,
full_vs_no_rules(supp),all,full,no_rules,delta_fail_pos_mean,medium,0.26,exploratory,0.842884,
full_vs_no_rules(supp),all,full,no_rules,delta_fail_pos_median,medium,0.26,exploratory,0.868421,
single_vs_no_rules,legal_set,only_legal_set,no_rules,delta_success_rate,high,0.26,exploratory,0.0,
single_vs_no_rules,order,only_order,no_rules,delta_success_rate,high,0.26,exploratory,0.0,
single_vs_no_rules,consistency,only_consistency,no_rules,delta_success_rate,high,0.26,exploratory,0.07375,
single_vs_no_rules,coordinate,only_coordinate,no_rules,delta_success_rate,high,0.26,exploratory,0.0,
loo_vs_full,legal_set,loo_no_legal_set,full,delta_success_rate,high,0.26,exploratory,-0.279,
loo_vs_full,order,loo_no_order,full,delta_success_rate,high,0.26,exploratory,0.0,
loo_vs_full,consistency,loo_no_consistency,full,delta_success_rate,high,0.26,exploratory,-0.35275,
loo_vs_full,coordinate,loo_no_coordinate,full,delta_success_rate,high,0.26,exploratory,0.0,
full_vs_no_rules(supp),all,full,no_rules,delta_success_rate,high,0.26,exploratory,0.35275,
single_vs_no_rules,legal_set,only_legal_set,no_rules,delta_fail_pos_mean,high,0.26,exploratory,0.006378,
single_vs_no_rules,legal_set,only_legal_set,no_rules,delta_fail_pos_median,high,0.26,exploratory,0.005494,
single_vs_no_rules,order,only_order,no_rules,delta_fail_pos_mean,high,0.26,exploratory,0.0,
single_vs_no_rules,order,only_order,no_rules,delta_fail_pos_median,high,0.26,exploratory,0.0,
single_vs_no_rules,consistency,only_consistency,no_rules,delta_fail_pos_mean,high,0.26,exploratory,0.433874,
single_vs_no_rules,consistency,only_consistency,no_rules,delta_fail_pos_median,high,0.26,exploratory,0.335548,
single_vs_no_rules,coordinate,only_coordinate,no_rules,delta_fail_pos_mean,high,0.26,exploratory,0.0,
single_vs_no_rules,coordinate,only_coordinate,no_rules,delta_fail_pos_median,high,0.26,exploratory,0.0,
loo_vs_full,legal_set,loo_no_legal_set,full,delta_fail_pos_mean,high,0.26,exploratory,-0.476736,
loo_vs_full,legal_set,loo_no_legal_set,full,delta_fail_pos_median,high,0.26,exploratory,-0.593023,
loo_vs_full,order,loo_no_order,full,delta_fail_pos_mean,high,0.26,exploratory,0.0,
loo_vs_full,order,loo_no_order,full,delta_fail_pos_median,high,0.26,exploratory,0.0,
loo_vs_full,consistency,loo_no_consistency,full,delta_fail_pos_mean,high,0.26,exploratory,-0.904232,
loo_vs_full,consistency,loo_no_consistency,full,delta_fail_pos_median,high,0.26,exploratory,-0.923077,
loo_vs_full,coordinate,loo_no_coordinate,full,delta_fail_pos_mean,high,0.26,exploratory,0.0,
loo_vs_full,coordinate,loo_no_coordinate,full,delta_fail_pos_median,high,0.26,exploratory,0.0,
full_vs_no_rules(supp),all,full,no_rules,delta_fail_pos_mean,high,0.26,exploratory,0.91061,
full_vs_no_rules(supp),all,full,no_rules,delta_fail_pos_median,high,0.26,exploratory,0.928571,
single_vs_no_rules,legal_set,only_legal_set,no_rules,delta_success_rate,pooled,0.26,exploratory,8.3e-05,
single_vs_no_rules,order,only_order,no_rules,delta_success_rate,pooled,0.26,exploratory,0.0,
single_vs_no_rules,consistency,only_consistency,no_rules,delta_success_rate,pooled,0.26,exploratory,0.140833,
single_vs_no_rules,coordinate,only_coordinate,no_rules,delta_success_rate,pooled,0.26,exploratory,0.0,
loo_vs_full,legal_set,loo_no_legal_set,full,delta_success_rate,pooled,0.26,exploratory,-0.300667,
loo_vs_full,order,loo_no_order,full,delta_success_rate,pooled,0.26,exploratory,0.0,
loo_vs_full,consistency,loo_no_consistency,full,delta_success_rate,pooled,0.26,exploratory,-0.441417,
loo_vs_full,coordinate,loo_no_coordinate,full,delta_success_rate,pooled,0.26,exploratory,0.0,
full_vs_no_rules(supp),all,full,no_rules,delta_success_rate,pooled,0.26,exploratory,0.4415,
single_vs_no_rules,legal_set,only_legal_set,no_rules,delta_fail_pos_mean,pooled,0.26,exploratory,0.012725,
single_vs_no_rules,legal_set,only_legal_set,no_rules,delta_fail_pos_median,pooled,0.26,exploratory,0.011364,
single_vs_no_rules,order,only_order,no_rules,delta_fail_pos_mean,pooled,0.26,exploratory,0.0,
single_vs_no_rules,order,only_order,no_rules,delta_fail_pos_median,pooled,0.26,exploratory,0.0,
single_vs_no_rules,consistency,only_consistency,no_rules,delta_fail_pos_mean,pooled,0.26,exploratory,0.433022,
single_vs_no_rules,consistency,only_consistency,no_rules,delta_fail_pos_median,pooled,0.26,exploratory,0.443182,
single_vs_no_rules,coordinate,only_coordinate,no_rules,delta_fail_pos_mean,pooled,0.26,exploratory,0.0,
single_vs_no_rules,coordinate,only_coordinate,no_rules,delta_fail_pos_median,pooled,0.26,exploratory,0.0,
loo_vs_full,legal_set,loo_no_legal_set,full,delta_fail_pos_mean,pooled,0.26,exploratory,-0.409076,
loo_vs_full,legal_set,loo_no_legal_set,full,delta_fail_pos_median,pooled,0.26,exploratory,-0.431818,
loo_vs_full,order,loo_no_order,full,delta_fail_pos_mean,pooled,0.26,exploratory,0.0,
loo_vs_full,order,loo_no_order,full,delta_fail_pos_median,pooled,0.26,exploratory,0.0,
loo_vs_full,consistency,loo_no_consistency,full,delta_fail_pos_mean,pooled,0.26,exploratory,-0.829373,
loo_vs_full,consistency,loo_no_consistency,full,delta_fail_pos_median,pooled,0.26,exploratory,-0.863636,
loo_vs_full,coordinate,loo_no_coordinate,full,delta_fail_pos_mean,pooled,0.26,exploratory,0.0,
loo_vs_full,coordinate,loo_no_coordinate,full,delta_fail_pos_median,pooled,0.26,exploratory,0.0,
full_vs_no_rules(supp),all,full,no_rules,delta_fail_pos_mean,pooled,0.26,exploratory,0.842098,
full_vs_no_rules(supp),all,full,no_rules,delta_fail_pos_median,pooled,0.26,exploratory,0.875,
single_vs_no_rules,legal_set,only_legal_set,no_rules,delta_success_rate,low,0.3,exploratory,0.00025,
single_vs_no_rules,order,only_order,no_rules,delta_success_rate,low,0.3,exploratory,0.0,
single_vs_no_rules,consistency,only_consistency,no_rules,delta_success_rate,low,0.3,exploratory,0.17625,
single_vs_no_rules,coordinate,only_coordinate,no_rules,delta_success_rate,low,0.3,exploratory,0.0,
loo_vs_full,legal_set,loo_no_legal_set,full,delta_success_rate,low,0.3,exploratory,-0.32025,
loo_vs_full,order,loo_no_order,full,delta_success_rate,low,0.3,exploratory,0.0,
loo_vs_full,consistency,loo_no_consistency,full,delta_success_rate,low,0.3,exploratory,-0.49625,
loo_vs_full,coordinate,loo_no_coordinate,full,delta_success_rate,low,0.3,exploratory,0.0,
full_vs_no_rules(supp),all,full,no_rules,delta_success_rate,low,0.3,exploratory,0.4965,
single_vs_no_rules,legal_set,only_legal_set,no_rules,delta_fail_pos_mean,low,0.3,exploratory,0.019681,
single_vs_no_rules,legal_set,only_legal_set,no_rules,delta_fail_pos_median,low,0.3,exploratory,0.018182,
single_vs_no_rules,order,only_order,no_rules,delta_fail_pos_mean,low,0.3,exploratory,0.0,
single_vs_no_rules,order,only_order,no_rules,delta_fail_pos_median,low,0.3,exploratory,0.0,
single_vs_no_rules,consistency,only_consistency,no_rules,delta_fail_pos_mean,low,0.3,exploratory,0.426294,
single_vs_no_rules,consistency,only_consistency,no_rules,delta_fail_pos_median,low,0.3,exploratory,0.476077,
single_vs_no_rules,coordinate,only_coordinate,no_rules,delta_fail_pos_mean,low,0.3,exploratory,0.0,
single_vs_no_rules,coordinate,only_coordinate,no_rules,delta_fail_pos_median,low,0.3,exploratory,0.0,
loo_vs_full,legal_set,loo_no_legal_set,full,delta_fail_pos_mean,low,0.3,exploratory,-0.364924,
loo_vs_full,legal_set,loo_no_legal_set,full,delta_fail_pos_median,low,0.3,exploratory,-0.342105,
loo_vs_full,order,loo_no_order,full,delta_fail_pos_mean,low,0.3,exploratory,0.0,
loo_vs_full,order,loo_no_order,full,delta_fail_pos_median,low,0.3,exploratory,0.0,
loo_vs_full,consistency,loo_no_consistency,full,delta_fail_pos_mean,low,0.3,exploratory,-0.771537,
loo_vs_full,consistency,loo_no_consistency,full,delta_fail_pos_median,low,0.3,exploratory,-0.8,
loo_vs_full,coordinate,loo_no_coordinate,full,delta_fail_pos_mean,low,0.3,exploratory,0.0,
loo_vs_full,coordinate,loo_no_coordinate,full,delta_fail_pos_median,low,0.3,exploratory,0.0,
full_vs_no_rules(supp),all,full,no_rules,delta_fail_pos_mean,low,0.3,exploratory,0.791218,
full_vs_no_rules(supp),all,full,no_rules,delta_fail_pos_median,low,0.3,exploratory,0.818182,
single_vs_no_rules,legal_set,only_legal_set,no_rules,delta_success_rate,medium,0.3,exploratory,0.0,
single_vs_no_rules,order,only_order,no_rules,delta_success_rate,medium,0.3,exploratory,0.0,
single_vs_no_rules,consistency,only_consistency,no_rules,delta_success_rate,medium,0.3,exploratory,0.1195,
single_vs_no_rules,coordinate,only_coordinate,no_rules,delta_success_rate,medium,0.3,exploratory,0.0,
loo_vs_full,legal_set,loo_no_legal_set,full,delta_success_rate,medium,0.3,exploratory,-0.298,
loo_vs_full,order,loo_no_order,full,delta_success_rate,medium,0.3,exploratory,0.0,
loo_vs_full,consistency,loo_no_consistency,full,delta_success_rate,medium,0.3,exploratory,-0.4175,
loo_vs_full,coordinate,loo_no_coordinate,full,delta_success_rate,medium,0.3,exploratory,0.0,
full_vs_no_rules(supp),all,full,no_rules,delta_success_rate,medium,0.3,exploratory,0.4175,
single_vs_no_rules,legal_set,only_legal_set,no_rules,delta_fail_pos_mean,medium,0.3,exploratory,0.012399,
single_vs_no_rules,legal_set,only_legal_set,no_rules,delta_fail_pos_median,medium,0.3,exploratory,0.011387,
single_vs_no_rules,order,only_order,no_rules,delta_fail_pos_mean,medium,0.3,exploratory,0.0,
single_vs_no_rules,order,only_order,no_rules,delta_fail_pos_median,medium,0.3,exploratory,0.0,
single_vs_no_rules,consistency,only_consistency,no_rules,delta_fail_pos_mean,medium,0.3,exploratory,0.442197,
single_vs_no_rules,consistency,only_consistency,no_rules,delta_fail_pos_median,medium,0.3,exploratory,0.457875,
single_vs_no_rules,coordinate,only_coordinate,no_rules,delta_fail_pos_mean,medium,0.3,exploratory,0.0,
single_vs_no_rules,coordinate,only_coordinate,no_rules,delta_fail_pos_median,medium,0.3,exploratory,0.0,
loo_vs_full,legal_set,loo_no_legal_set,full,delta_fail_pos_mean,medium,0.3,exploratory,-0.414512,
loo_vs_full,legal_set,loo_no_legal_set,full,delta_fail_pos_median,medium,0.3,exploratory,-0.423077,
loo_vs_full,order,loo_no_order,full,delta_fail_pos_mean,medium,0.3,exploratory,0.0,
loo_vs_full,order,loo_no_order,full,delta_fail_pos_median,medium,0.3,exploratory,0.0,
loo_vs_full,consistency,loo_no_consistency,full,delta_fail_pos_mean,medium,0.3,exploratory,-0.84431,
loo_vs_full,consistency,loo_no_consistency,full,delta_fail_pos_median,medium,0.3,exploratory,-0.869565,
loo_vs_full,coordinate,loo_no_coordinate,full,delta_fail_pos_mean,medium,0.3,exploratory,0.0,
loo_vs_full,coordinate,loo_no_coordinate,full,delta_fail_pos_median,medium,0.3,exploratory,0.0,
full_vs_no_rules(supp),all,full,no_rules,delta_fail_pos_mean,medium,0.3,exploratory,0.856709,
full_vs_no_rules(supp),all,full,no_rules,delta_fail_pos_median,medium,0.3,exploratory,0.880952,
single_vs_no_rules,legal_set,only_legal_set,no_rules,delta_success_rate,high,0.3,exploratory,0.0,
single_vs_no_rules,order,only_order,no_rules,delta_success_rate,high,0.3,exploratory,0.0,
single_vs_no_rules,consistency,only_consistency,no_rules,delta_success_rate,high,0.3,exploratory,0.06025,
single_vs_no_rules,coordinate,only_coordinate,no_rules,delta_success_rate,high,0.3,exploratory,0.0,
loo_vs_full,legal_set,loo_no_legal_set,full,delta_success_rate,high,0.3,exploratory,-0.27175,
loo_vs_full,order,loo_no_order,full,delta_success_rate,high,0.3,exploratory,0.0,
loo_vs_full,consistency,loo_no_consistency,full,delta_success_rate,high,0.3,exploratory,-0.332,
loo_vs_full,coordinate,loo_no_coordinate,full,delta_success_rate,high,0.3,exploratory,0.0,
full_vs_no_rules(supp),all,full,no_rules,delta_success_rate,high,0.3,exploratory,0.332,
single_vs_no_rules,legal_set,only_legal_set,no_rules,delta_fail_pos_mean,high,0.3,exploratory,0.006756,
single_vs_no_rules,legal_set,only_legal_set,no_rules,delta_fail_pos_median,high,0.3,exploratory,0.003247,
single_vs_no_rules,order,only_order,no_rules,delta_fail_pos_mean,high,0.3,exploratory,0.0,
single_vs_no_rules,order,only_order,no_rules,delta_fail_pos_median,high,0.3,exploratory,0.0,
single_vs_no_rules,consistency,only_consistency,no_rules,delta_fail_pos_mean,high,0.3,exploratory,0.421269,
single_vs_no_rules,consistency,only_consistency,no_rules,delta_fail_pos_median,high,0.3,exploratory,0.301383,
single_vs_no_rules,coordinate,only_coordinate,no_rules,delta_fail_pos_mean,high,0.3,exploratory,0.0,
single_vs_no_rules,coordinate,only_coordinate,no_rules,delta_fail_pos_median,high,0.3,exploratory,0.0,
loo_vs_full,legal_set,loo_no_legal_set,full,delta_fail_pos_mean,high,0.3,exploratory,-0.496985,
loo_vs_full,legal_set,loo_no_legal_set,full,delta_fail_pos_median,high,0.3,exploratory,-0.630435,
loo_vs_full,order,loo_no_order,full,delta_fail_pos_mean,high,0.3,exploratory,0.0,
loo_vs_full,order,loo_no_order,full,delta_fail_pos_median,high,0.3,exploratory,0.0,
loo_vs_full,consistency,loo_no_consistency,full,delta_fail_pos_mean,high,0.3,exploratory,-0.911498,
loo_vs_full,consistency,loo_no_consistency,full,delta_fail_pos_median,high,0.3,exploratory,-0.928571,
loo_vs_full,coordinate,loo_no_coordinate,full,delta_fail_pos_mean,high,0.3,exploratory,0.0,
loo_vs_full,coordinate,loo_no_coordinate,full,delta_fail_pos_median,high,0.3,exploratory,0.0,
full_vs_no_rules(supp),all,full,no_rules,delta_fail_pos_mean,high,0.3,exploratory,0.918254,
full_vs_no_rules(supp),all,full,no_rules,delta_fail_pos_median,high,0.3,exploratory,0.931818,
single_vs_no_rules,legal_set,only_legal_set,no_rules,delta_success_rate,pooled,0.3,exploratory,8.3e-05,
single_vs_no_rules,order,only_order,no_rules,delta_success_rate,pooled,0.3,exploratory,0.0,
single_vs_no_rules,consistency,only_consistency,no_rules,delta_success_rate,pooled,0.3,exploratory,0.118667,
single_vs_no_rules,coordinate,only_coordinate,no_rules,delta_success_rate,pooled,0.3,exploratory,0.0,
loo_vs_full,legal_set,loo_no_legal_set,full,delta_success_rate,pooled,0.3,exploratory,-0.296667,
loo_vs_full,order,loo_no_order,full,delta_success_rate,pooled,0.3,exploratory,0.0,
loo_vs_full,consistency,loo_no_consistency,full,delta_success_rate,pooled,0.3,exploratory,-0.41525,
loo_vs_full,coordinate,loo_no_coordinate,full,delta_success_rate,pooled,0.3,exploratory,0.0,
full_vs_no_rules(supp),all,full,no_rules,delta_success_rate,pooled,0.3,exploratory,0.415333,
single_vs_no_rules,legal_set,only_legal_set,no_rules,delta_fail_pos_mean,pooled,0.3,exploratory,0.012939,
single_vs_no_rules,legal_set,only_legal_set,no_rules,delta_fail_pos_median,pooled,0.3,exploratory,0.013889,
single_vs_no_rules,order,only_order,no_rules,delta_fail_pos_mean,pooled,0.3,exploratory,0.0,
single_vs_no_rules,order,only_order,no_rules,delta_fail_pos_median,pooled,0.3,exploratory,0.0,
single_vs_no_rules,consistency,only_consistency,no_rules,delta_fail_pos_mean,pooled,0.3,exploratory,0.427017,
single_vs_no_rules,consistency,only_consistency,no_rules,delta_fail_pos_median,pooled,0.3,exploratory,0.416667,
single_vs_no_rules,coordinate,only_coordinate,no_rules,delta_fail_pos_mean,pooled,0.3,exploratory,0.0,
single_vs_no_rules,coordinate,only_coordinate,no_rules,delta_fail_pos_median,pooled,0.3,exploratory,0.0,
loo_vs_full,legal_set,loo_no_legal_set,full,delta_fail_pos_mean,pooled,0.3,exploratory,-0.428382,
loo_vs_full,legal_set,loo_no_legal_set,full,delta_fail_pos_median,pooled,0.3,exploratory,-0.472222,
loo_vs_full,order,loo_no_order,full,delta_fail_pos_mean,pooled,0.3,exploratory,0.0,
loo_vs_full,order,loo_no_order,full,delta_fail_pos_median,pooled,0.3,exploratory,0.0,
loo_vs_full,consistency,loo_no_consistency,full,delta_fail_pos_mean,pooled,0.3,exploratory,-0.84246,
loo_vs_full,consistency,loo_no_consistency,full,delta_fail_pos_median,pooled,0.3,exploratory,-0.875,
loo_vs_full,coordinate,loo_no_coordinate,full,delta_fail_pos_mean,pooled,0.3,exploratory,0.0,
loo_vs_full,coordinate,loo_no_coordinate,full,delta_fail_pos_median,pooled,0.3,exploratory,0.0,
full_vs_no_rules(supp),all,full,no_rules,delta_fail_pos_mean,pooled,0.3,exploratory,0.855399,
full_vs_no_rules(supp),all,full,no_rules,delta_fail_pos_median,pooled,0.3,exploratory,0.888889,
single_vs_no_rules,legal_set,only_legal_set,no_rules,delta_success_rate,low,0.34,exploratory,0.0,
single_vs_no_rules,order,only_order,no_rules,delta_success_rate,low,0.34,exploratory,0.0,
single_vs_no_rules,consistency,only_consistency,no_rules,delta_success_rate,low,0.34,exploratory,0.15575,
single_vs_no_rules,coordinate,only_coordinate,no_rules,delta_success_rate,low,0.34,exploratory,0.0,
loo_vs_full,legal_set,loo_no_legal_set,full,delta_success_rate,low,0.34,exploratory,-0.31625,
loo_vs_full,order,loo_no_order,full,delta_success_rate,low,0.34,exploratory,0.0,
loo_vs_full,consistency,loo_no_consistency,full,delta_success_rate,low,0.34,exploratory,-0.472,
loo_vs_full,coordinate,loo_no_coordinate,full,delta_success_rate,low,0.34,exploratory,0.0,
full_vs_no_rules(supp),all,full,no_rules,delta_success_rate,low,0.34,exploratory,0.472,
single_vs_no_rules,legal_set,only_legal_set,no_rules,delta_fail_pos_mean,low,0.34,exploratory,0.019459,
single_vs_no_rules,legal_set,only_legal_set,no_rules,delta_fail_pos_median,low,0.34,exploratory,0.015151,
single_vs_no_rules,order,only_order,no_rules,delta_fail_pos_mean,low,0.34,exploratory,0.0,
single_vs_no_rules,order,only_order,no_rules,delta_fail_pos_median,low,0.34,exploratory,0.0,
single_vs_no_rules,consistency,only_consistency,no_rules,delta_fail_pos_mean,low,0.34,exploratory,0.424434,
single_vs_no_rules,consistency,only_consistency,no_rules,delta_fail_pos_median,low,0.34,exploratory,0.424242,
single_vs_no_rules,coordinate,only_coordinate,no_rules,delta_fail_pos_mean,low,0.34,exploratory,0.0,
single_vs_no_rules,coordinate,only_coordinate,no_rules,delta_fail_pos_median,low,0.34,exploratory,0.0,
loo_vs_full,legal_set,loo_no_legal_set,full,delta_fail_pos_mean,low,0.34,exploratory,-0.381872,
loo_vs_full,legal_set,loo_no_legal_set,full,delta_fail_pos_median,low,0.34,exploratory,-0.409091,
loo_vs_full,order,loo_no_order,full,delta_fail_pos_mean,low,0.34,exploratory,0.0,
loo_vs_full,order,loo_no_order,full,delta_fail_pos_median,low,0.34,exploratory,0.0,
loo_vs_full,consistency,loo_no_consistency,full,delta_fail_pos_mean,low,0.34,exploratory,-0.786847,
loo_vs_full,consistency,loo_no_consistency,full,delta_fail_pos_median,low,0.34,exploratory,-0.818182,
loo_vs_full,coordinate,loo_no_coordinate,full,delta_fail_pos_mean,low,0.34,exploratory,0.0,
loo_vs_full,coordinate,loo_no_coordinate,full,delta_fail_pos_median,low,0.34,exploratory,0.0,
full_vs_no_rules(supp),all,full,no_rules,delta_fail_pos_mean,low,0.34,exploratory,0.806306,
full_vs_no_rules(supp),all,full,no_rules,delta_fail_pos_median,low,0.34,exploratory,0.833333,
single_vs_no_rules,legal_set,only_legal_set,no_rules,delta_success_rate,medium,0.34,exploratory,0.0,
single_vs_no_rules,order,only_order,no_rules,delta_success_rate,medium,0.34,exploratory,0.0,
single_vs_no_rules,consistency,only_consistency,no_rules,delta_success_rate,medium,0.34,exploratory,0.104,
single_vs_no_rules,coordinate,only_coordinate,no_rules,delta_success_rate,medium,0.34,exploratory,0.0,
loo_vs_full,legal_set,loo_no_legal_set,full,delta_success_rate,medium,0.34,exploratory,-0.29525,
loo_vs_full,order,loo_no_order,full,delta_success_rate,medium,0.34,exploratory,0.0,
loo_vs_full,consistency,loo_no_consistency,full,delta_success_rate,medium,0.34,exploratory,-0.39925,
loo_vs_full,coordinate,loo_no_coordinate,full,delta_success_rate,medium,0.34,exploratory,0.0,
full_vs_no_rules(supp),all,full,no_rules,delta_success_rate,medium,0.34,exploratory,0.39925,
single_vs_no_rules,legal_set,only_legal_set,no_rules,delta_fail_pos_mean,medium,0.34,exploratory,0.012091,
single_vs_no_rules,legal_set,only_legal_set,no_rules,delta_fail_pos_median,medium,0.34,exploratory,0.012626,
single_vs_no_rules,order,only_order,no_rules,delta_fail_pos_mean,medium,0.34,exploratory,0.0,
single_vs_no_rules,order,only_order,no_rules,delta_fail_pos_median,medium,0.34,exploratory,0.0,
single_vs_no_rules,consistency,only_consistency,no_rules,delta_fail_pos_mean,medium,0.34,exploratory,0.440736,
single_vs_no_rules,consistency,only_consistency,no_rules,delta_fail_pos_median,medium,0.34,exploratory,0.431104,
single_vs_no_rules,coordinate,only_coordinate,no_rules,delta_fail_pos_mean,medium,0.34,exploratory,0.0,
single_vs_no_rules,coordinate,only_coordinate,no_rules,delta_fail_pos_median,medium,0.34,exploratory,0.0,
loo_vs_full,legal_set,loo_no_legal_set,full,delta_fail_pos_mean,medium,0.34,exploratory,-0.426118,
loo_vs_full,legal_set,loo_no_legal_set,full,delta_fail_pos_median,medium,0.34,exploratory,-0.456522,
loo_vs_full,order,loo_no_order,full,delta_fail_pos_mean,medium,0.34,exploratory,0.0,
loo_vs_full,order,loo_no_order,full,delta_fail_pos_median,medium,0.34,exploratory,0.0,
loo_vs_full,consistency,loo_no_consistency,full,delta_fail_pos_mean,medium,0.34,exploratory,-0.854763,
loo_vs_full,consistency,loo_no_consistency,full,delta_fail_pos_median,medium,0.34,exploratory,-0.875,
loo_vs_full,coordinate,loo_no_coordinate,full,delta_fail_pos_mean,medium,0.34,exploratory,0.0,
loo_vs_full,coordinate,loo_no_coordinate,full,delta_fail_pos_median,medium,0.34,exploratory,0.0,
full_vs_no_rules(supp),all,full,no_rules,delta_fail_pos_mean,medium,0.34,exploratory,0.866854,
full_vs_no_rules(supp),all,full,no_rules,delta_fail_pos_median,medium,0.34,exploratory,0.887626,
single_vs_no_rules,legal_set,only_legal_set,no_rules,delta_success_rate,high,0.34,exploratory,0.0,
single_vs_no_rules,order,only_order,no_rules,delta_success_rate,high,0.34,exploratory,0.0,
single_vs_no_rules,consistency,only_consistency,no_rules,delta_success_rate,high,0.34,exploratory,0.0515,
single_vs_no_rules,coordinate,only_coordinate,no_rules,delta_success_rate,high,0.34,exploratory,0.0,
loo_vs_full,legal_set,loo_no_legal_set,full,delta_success_rate,high,0.34,exploratory,-0.26075,
loo_vs_full,order,loo_no_order,full,delta_success_rate,high,0.34,exploratory,0.0,
loo_vs_full,consistency,loo_no_consistency,full,delta_success_rate,high,0.34,exploratory,-0.31225,
loo_vs_full,coordinate,loo_no_coordinate,full,delta_success_rate,high,0.34,exploratory,0.0,
full_vs_no_rules(supp),all,full,no_rules,delta_success_rate,high,0.34,exploratory,0.31225,
single_vs_no_rules,legal_set,only_legal_set,no_rules,delta_fail_pos_mean,high,0.34,exploratory,0.007013,
single_vs_no_rules,legal_set,only_legal_set,no_rules,delta_fail_pos_median,high,0.34,exploratory,0.005474,
single_vs_no_rules,order,only_order,no_rules,delta_fail_pos_mean,high,0.34,exploratory,0.0,
single_vs_no_rules,order,only_order,no_rules,delta_fail_pos_median,high,0.34,exploratory,0.0,
single_vs_no_rules,consistency,only_consistency,no_rules,delta_fail_pos_mean,high,0.34,exploratory,0.407594,
single_vs_no_rules,consistency,only_consistency,no_rules,delta_fail_pos_median,high,0.34,exploratory,0.275794,
single_vs_no_rules,coordinate,only_coordinate,no_rules,delta_fail_pos_mean,high,0.34,exploratory,0.0,
single_vs_no_rules,coordinate,only_coordinate,no_rules,delta_fail_pos_median,high,0.34,exploratory,0.0,
loo_vs_full,legal_set,loo_no_legal_set,full,delta_fail_pos_mean,high,0.34,exploratory,-0.516783,
loo_vs_full,legal_set,loo_no_legal_set,full,delta_fail_pos_median,high,0.34,exploratory,-0.660714,
loo_vs_full,order,loo_no_order,full,delta_fail_pos_mean,high,0.34,exploratory,0.0,
loo_vs_full,order,loo_no_order,full,delta_fail_pos_median,high,0.34,exploratory,0.0,
loo_vs_full,consistency,loo_no_consistency,full,delta_fail_pos_mean,high,0.34,exploratory,-0.917364,
loo_vs_full,consistency,loo_no_consistency,full,delta_fail_pos_median,high,0.34,exploratory,-0.931034,
loo_vs_full,coordinate,loo_no_coordinate,full,delta_fail_pos_mean,high,0.34,exploratory,0.0,
loo_vs_full,coordinate,loo_no_coordinate,full,delta_fail_pos_median,high,0.34,exploratory,0.0,
full_vs_no_rules(supp),all,full,no_rules,delta_fail_pos_mean,high,0.34,exploratory,0.924377,
full_vs_no_rules(supp),all,full,no_rules,delta_fail_pos_median,high,0.34,exploratory,0.936508,
single_vs_no_rules,legal_set,only_legal_set,no_rules,delta_success_rate,pooled,0.34,exploratory,0.0,
single_vs_no_rules,order,only_order,no_rules,delta_success_rate,pooled,0.34,exploratory,0.0,
single_vs_no_rules,consistency,only_consistency,no_rules,delta_success_rate,pooled,0.34,exploratory,0.10375,
single_vs_no_rules,coordinate,only_coordinate,no_rules,delta_success_rate,pooled,0.34,exploratory,0.0,
loo_vs_full,legal_set,loo_no_legal_set,full,delta_success_rate,pooled,0.34,exploratory,-0.29075,
loo_vs_full,order,loo_no_order,full,delta_success_rate,pooled,0.34,exploratory,0.0,
loo_vs_full,consistency,loo_no_consistency,full,delta_success_rate,pooled,0.34,exploratory,-0.3945,
loo_vs_full,coordinate,loo_no_coordinate,full,delta_success_rate,pooled,0.34,exploratory,0.0,
full_vs_no_rules(supp),all,full,no_rules,delta_success_rate,pooled,0.34,exploratory,0.3945,
single_vs_no_rules,legal_set,only_legal_set,no_rules,delta_fail_pos_mean,pooled,0.34,exploratory,0.012853,
single_vs_no_rules,legal_set,only_legal_set,no_rules,delta_fail_pos_median,pooled,0.34,exploratory,0.011905,
single_vs_no_rules,order,only_order,no_rules,delta_fail_pos_mean,pooled,0.34,exploratory,0.0,
single_vs_no_rules,order,only_order,no_rules,delta_fail_pos_median,pooled,0.34,exploratory,0.0,
single_vs_no_rules,consistency,only_consistency,no_rules,delta_fail_pos_mean,pooled,0.34,exploratory,0.421636,
single_vs_no_rules,consistency,only_consistency,no_rules,delta_fail_pos_median,pooled,0.34,exploratory,0.392857,
single_vs_no_rules,coordinate,only_coordinate,no_rules,delta_fail_pos_mean,pooled,0.34,exploratory,0.0,
single_vs_no_rules,coordinate,only_coordinate,no_rules,delta_fail_pos_median,pooled,0.34,exploratory,0.0,
loo_vs_full,legal_set,loo_no_legal_set,full,delta_fail_pos_mean,pooled,0.34,exploratory,-0.444209,
loo_vs_full,legal_set,loo_no_legal_set,full,delta_fail_pos_median,pooled,0.34,exploratory,-0.5,
loo_vs_full,order,loo_no_order,full,delta_fail_pos_mean,pooled,0.34,exploratory,0.0,
loo_vs_full,order,loo_no_order,full,delta_fail_pos_median,pooled,0.34,exploratory,0.0,
loo_vs_full,consistency,loo_no_consistency,full,delta_fail_pos_mean,pooled,0.34,exploratory,-0.852992,
loo_vs_full,consistency,loo_no_consistency,full,delta_fail_pos_median,pooled,0.34,exploratory,-0.880952,
loo_vs_full,coordinate,loo_no_coordinate,full,delta_fail_pos_mean,pooled,0.34,exploratory,0.0,
loo_vs_full,coordinate,loo_no_coordinate,full,delta_fail_pos_median,pooled,0.34,exploratory,0.0,
full_vs_no_rules(supp),all,full,no_rules,delta_fail_pos_mean,pooled,0.34,exploratory,0.865845,
full_vs_no_rules(supp),all,full,no_rules,delta_fail_pos_median,pooled,0.34,exploratory,0.892857,
single_vs_no_rules,legal_set,only_legal_set,no_rules,delta_eps_star,low,,primary,0.001682,ok
single_vs_no_rules,legal_set,only_legal_set,no_rules,delta_eps_star,medium,,primary,0.0,cond:left_censored|ref:left_censored
single_vs_no_rules,legal_set,only_legal_set,no_rules,delta_eps_star,high,,primary,0.0,cond:left_censored|ref:left_censored
single_vs_no_rules,legal_set,only_legal_set,no_rules,delta_eps_star,pooled,,primary,0.0,cond:left_censored|ref:left_censored
single_vs_no_rules,order,only_order,no_rules,delta_eps_star,low,,primary,0.0,ok
single_vs_no_rules,order,only_order,no_rules,delta_eps_star,medium,,primary,0.0,cond:left_censored|ref:left_censored
single_vs_no_rules,order,only_order,no_rules,delta_eps_star,high,,primary,0.0,cond:left_censored|ref:left_censored
single_vs_no_rules,order,only_order,no_rules,delta_eps_star,pooled,,primary,0.0,cond:left_censored|ref:left_censored
single_vs_no_rules,consistency,only_consistency,no_rules,delta_eps_star,low,,primary,,undefined(right_censored on one side)
single_vs_no_rules,consistency,only_consistency,no_rules,delta_eps_star,medium,,primary,0.042609,cond:ok|ref:left_censored
single_vs_no_rules,consistency,only_consistency,no_rules,delta_eps_star,high,,primary,0.019564,cond:ok|ref:left_censored
single_vs_no_rules,consistency,only_consistency,no_rules,delta_eps_star,pooled,,primary,0.039921,cond:ok|ref:left_censored
single_vs_no_rules,coordinate,only_coordinate,no_rules,delta_eps_star,low,,primary,0.0,ok
single_vs_no_rules,coordinate,only_coordinate,no_rules,delta_eps_star,medium,,primary,0.0,cond:left_censored|ref:left_censored
single_vs_no_rules,coordinate,only_coordinate,no_rules,delta_eps_star,high,,primary,0.0,cond:left_censored|ref:left_censored
single_vs_no_rules,coordinate,only_coordinate,no_rules,delta_eps_star,pooled,,primary,0.0,cond:left_censored|ref:left_censored
loo_vs_full,legal_set,loo_no_legal_set,full,delta_eps_star,low,,primary,,undefined(right_censored on one side)
loo_vs_full,legal_set,loo_no_legal_set,full,delta_eps_star,medium,,primary,,undefined(right_censored on one side)
loo_vs_full,legal_set,loo_no_legal_set,full,delta_eps_star,high,,primary,,undefined(right_censored on one side)
loo_vs_full,legal_set,loo_no_legal_set,full,delta_eps_star,pooled,,primary,,undefined(right_censored on one side)
loo_vs_full,order,loo_no_order,full,delta_eps_star,low,,primary,,undefined(right_censored on one side)
loo_vs_full,order,loo_no_order,full,delta_eps_star,medium,,primary,,undefined(right_censored on one side)
loo_vs_full,order,loo_no_order,full,delta_eps_star,high,,primary,,undefined(right_censored on one side)
loo_vs_full,order,loo_no_order,full,delta_eps_star,pooled,,primary,,undefined(right_censored on one side)
loo_vs_full,consistency,loo_no_consistency,full,delta_eps_star,low,,primary,,undefined(right_censored on one side)
loo_vs_full,consistency,loo_no_consistency,full,delta_eps_star,medium,,primary,,undefined(right_censored on one side)
loo_vs_full,consistency,loo_no_consistency,full,delta_eps_star,high,,primary,,undefined(right_censored on one side)
loo_vs_full,consistency,loo_no_consistency,full,delta_eps_star,pooled,,primary,,undefined(right_censored on one side)
loo_vs_full,coordinate,loo_no_coordinate,full,delta_eps_star,low,,primary,,undefined(right_censored on one side)
loo_vs_full,coordinate,loo_no_coordinate,full,delta_eps_star,medium,,primary,,undefined(right_censored on one side)
loo_vs_full,coordinate,loo_no_coordinate,full,delta_eps_star,high,,primary,,undefined(right_censored on one side)
loo_vs_full,coordinate,loo_no_coordinate,full,delta_eps_star,pooled,,primary,,undefined(right_censored on one side)
full_vs_no_rules(supp),all,full,no_rules,delta_eps_star,low,,primary,,undefined(right_censored on one side)
full_vs_no_rules(supp),all,full,no_rules,delta_eps_star,medium,,primary,,undefined(right_censored on one side)
full_vs_no_rules(supp),all,full,no_rules,delta_eps_star,high,,primary,,undefined(right_censored on one side)
full_vs_no_rules(supp),all,full,no_rules,delta_eps_star,pooled,,primary,,undefined(right_censored on one side)
single_vs_no_rules,legal_set,only_legal_set,no_rules,delta_eps_star,low,,extended_10pt,0.001682,ok
single_vs_no_rules,legal_set,only_legal_set,no_rules,delta_eps_star,medium,,extended_10pt,0.0,cond:left_censored|ref:left_censored
single_vs_no_rules,legal_set,only_legal_set,no_rules,delta_eps_star,high,,extended_10pt,0.0,cond:left_censored|ref:left_censored
single_vs_no_rules,legal_set,only_legal_set,no_rules,delta_eps_star,pooled,,extended_10pt,0.0,cond:left_censored|ref:left_censored
single_vs_no_rules,order,only_order,no_rules,delta_eps_star,low,,extended_10pt,0.0,ok
single_vs_no_rules,order,only_order,no_rules,delta_eps_star,medium,,extended_10pt,0.0,cond:left_censored|ref:left_censored
single_vs_no_rules,order,only_order,no_rules,delta_eps_star,high,,extended_10pt,0.0,cond:left_censored|ref:left_censored
single_vs_no_rules,order,only_order,no_rules,delta_eps_star,pooled,,extended_10pt,0.0,cond:left_censored|ref:left_censored
single_vs_no_rules,consistency,only_consistency,no_rules,delta_eps_star,low,,extended_10pt,0.062686,ok
single_vs_no_rules,consistency,only_consistency,no_rules,delta_eps_star,medium,,extended_10pt,0.042609,cond:ok|ref:left_censored
single_vs_no_rules,consistency,only_consistency,no_rules,delta_eps_star,high,,extended_10pt,0.019564,cond:ok|ref:left_censored
single_vs_no_rules,consistency,only_consistency,no_rules,delta_eps_star,pooled,,extended_10pt,0.039921,cond:ok|ref:left_censored
single_vs_no_rules,coordinate,only_coordinate,no_rules,delta_eps_star,low,,extended_10pt,0.0,ok
single_vs_no_rules,coordinate,only_coordinate,no_rules,delta_eps_star,medium,,extended_10pt,0.0,cond:left_censored|ref:left_censored
single_vs_no_rules,coordinate,only_coordinate,no_rules,delta_eps_star,high,,extended_10pt,0.0,cond:left_censored|ref:left_censored
single_vs_no_rules,coordinate,only_coordinate,no_rules,delta_eps_star,pooled,,extended_10pt,0.0,cond:left_censored|ref:left_censored
loo_vs_full,legal_set,loo_no_legal_set,full,delta_eps_star,low,,extended_10pt,-0.204367,ok
loo_vs_full,legal_set,loo_no_legal_set,full,delta_eps_star,medium,,extended_10pt,-0.137161,ok
loo_vs_full,legal_set,loo_no_legal_set,full,delta_eps_star,high,,extended_10pt,-0.07762,ok
loo_vs_full,legal_set,loo_no_legal_set,full,delta_eps_star,pooled,,extended_10pt,-0.132962,ok
loo_vs_full,order,loo_no_order,full,delta_eps_star,low,,extended_10pt,0.0,ok
loo_vs_full,order,loo_no_order,full,delta_eps_star,medium,,extended_10pt,0.0,ok
loo_vs_full,order,loo_no_order,full,delta_eps_star,high,,extended_10pt,0.0,ok
loo_vs_full,order,loo_no_order,full,delta_eps_star,pooled,,extended_10pt,0.0,ok
loo_vs_full,consistency,loo_no_consistency,full,delta_eps_star,low,,extended_10pt,-0.265371,ok
loo_vs_full,consistency,loo_no_consistency,full,delta_eps_star,medium,,extended_10pt,-0.17977,cond:left_censored|ref:ok
loo_vs_full,consistency,loo_no_consistency,full,delta_eps_star,high,,extended_10pt,-0.097184,cond:left_censored|ref:ok
loo_vs_full,consistency,loo_no_consistency,full,delta_eps_star,pooled,,extended_10pt,-0.172883,cond:left_censored|ref:ok
loo_vs_full,coordinate,loo_no_coordinate,full,delta_eps_star,low,,extended_10pt,0.0,ok
loo_vs_full,coordinate,loo_no_coordinate,full,delta_eps_star,medium,,extended_10pt,0.0,ok
loo_vs_full,coordinate,loo_no_coordinate,full,delta_eps_star,high,,extended_10pt,0.0,ok
loo_vs_full,coordinate,loo_no_coordinate,full,delta_eps_star,pooled,,extended_10pt,0.0,ok
full_vs_no_rules(supp),all,full,no_rules,delta_eps_star,low,,extended_10pt,0.267053,ok
full_vs_no_rules(supp),all,full,no_rules,delta_eps_star,medium,,extended_10pt,0.17977,cond:ok|ref:left_censored
full_vs_no_rules(supp),all,full,no_rules,delta_eps_star,high,,extended_10pt,0.097184,cond:ok|ref:left_censored
full_vs_no_rules(supp),all,full,no_rules,delta_eps_star,pooled,,extended_10pt,0.172883,cond:ok|ref:left_censored
